#
# A fatal error has been detected by the Java Runtime Environment:
#
#  EXCEPTION_ACCESS_VIOLATION (0xc0000005) at pc=0x00007ffffafc180e, pid=24104, tid=27228
#
# JRE version: OpenJDK Runtime Environment (26.0+35) (build 26+35-2893)
# Java VM: OpenJDK 64-Bit Server VM (26+35-2893, mixed mode, sharing, tiered, compressed oops, compressed class ptrs, g1 gc, windows-amd64)
# Problematic frame:
# V  [jvm.dll+0x51180e]
#
# No core dump will be written. Minidumps are not enabled by default on client versions of Windows
#
# If you would like to submit a bug report, please visit:
#   https://bugreport.java.com/bugreport/crash.jsp
#

---------------  S U M M A R Y ------------

Command Line: -javaagent:C:\Program Files\JetBrains\IntelliJ IDEA Community Edition 2025.2.2\lib\idea_rt.jar=60191 -Dfile.encoding=UTF-8 -Dsun.stdout.encoding=UTF-8 -Dsun.stderr.encoding=UTF-8 com.pharmax.Launcher

Host: 11th Gen Intel(R) Core(TM) i5-11300H @ 3.10GHz, 8 cores, 47G,  Windows 10 , 64 bit Build 19041 (10.0.19041.5915)
Time: Wed May  6 23:10:11 2026 Afr. centrale Ouest elapsed time: 15.172211 seconds (0d 0h 0m 15s)

---------------  T H R E A D  ---------------

Current thread (0x0000023de19432a0):  JavaThread "JavaFX Application Thread"        [_thread_in_vm, id=27228, stack(0x0000009a41900000,0x0000009a41a00000) (1024K)]

Stack: [0x0000009a41900000,0x0000009a41a00000],  sp=0x0000009a419fe550,  free space=1017k
Native frames: (J=compiled Java code, j=interpreted, Vv=VM code, C=native code)
V  [jvm.dll+0x51180e]  (no source info available)
V  [jvm.dll+0x50e9a4]  (no source info available)
C  0x00007fff9133c853  (no source info available)
C  0x00007fff9133d8fd  (no source info available)
C  0x00007fff90c89ae0  (no source info available)
C  0x0000023dc70ad5f3  (no source info available)

The last pc belongs to native method entry point (kind = native) (printed below).
Java frames: (J=compiled Java code, j=interpreted, Vv=VM code)
j  com.sun.webkit.WebPage.twkExecuteScript(JLjava/lang/String;)Ljava/lang/Object;+0
j  com.sun.webkit.WebPage.executeScript(JLjava/lang/String;)Ljava/lang/Object;+78
j  javafx.scene.web.WebEngine.executeScript(Ljava/lang/String;)Ljava/lang/Object;+19
j  utils.RecaptchaWidget.lambda$1(I)V+7
j  utils.RecaptchaWidget$$Lambda+0x000000001b46b010.run()V+8
J 4354 c1 com.sun.javafx.application.PlatformImpl$$Lambda+0x000000001b087480.run()Ljava/lang/Object; (8 bytes) @ 0x0000023dc01ba9c4 [0x0000023dc01ba880+0x0000000000000144]
J 4295 c1 com.sun.javafx.application.PlatformImpl.lambda$runLater$11(Ljava/lang/Runnable;Ljava/security/AccessControlContext;)V (41 bytes) @ 0x0000023dc019e7dc [0x0000023dc019e380+0x000000000000045c]
J 4294 c1 com.sun.javafx.application.PlatformImpl$$Lambda+0x000000001b086bc0.run()V (12 bytes) @ 0x0000023dc019e114 [0x0000023dc019e080+0x0000000000000094]
J 4178 c1 com.sun.glass.ui.InvokeLaterDispatcher$Future.run()V (91 bytes) @ 0x0000023dc0172d94 [0x0000023dc0172c80+0x0000000000000114]
v  ~StubRoutines::Stub Generator call_stub_stub 0x0000023dc70a18e2
j  com.sun.glass.ui.win.WinApplication._runLoop(Ljava/lang/Runnable;)V+0
j  com.sun.glass.ui.win.WinApplication.lambda$runLoop$3(ILjava/lang/Runnable;)V+8
j  com.sun.glass.ui.win.WinApplication$$Lambda+0x000000001b074030.run()V+12
j  java.lang.Thread.runWith(Ljava/lang/Object;Ljava/lang/Runnable;)V+5 java.base@26
j  java.lang.Thread.run()V+19 java.base@26
v  ~StubRoutines::Stub Generator call_stub_stub 0x0000023dc70a18e2

siginfo: EXCEPTION_ACCESS_VIOLATION (0xc0000005), reading address 0x0000000000000000


Registers:
RAX=0x0000000000000000, RBX=0x0000000000000005, RCX=0x00000000690bffff, RDX=0x00007fff785dab5e
RSP=0x0000009a419fe550, RBP=0x0000000000000000, RSI=0x0000000000000000, RDI=0x000000001a4d3aa0
R8 =0x0000000000000000, R9 =0x0000000000000000, R10=0x00007ffffafbe8e0, R11=0x0000009a419fe708
R12=0x00007fff92ab6ff8, R13=0x0000023de19432a0, R14=0x000000001a4dae00, R15=0x00007fff92ab5964
RIP=0x00007ffffafc180e, EFLAGS=0x0000000000010293

XMM[0]=0x0000009a419fdf00 0x00007f0000000000
XMM[1]=0x0000000000000000 0x0000009a419fdea8
XMM[2]=0x0000000000000000 0x0000023dbfcecd08
XMM[3]=0x0000009a419fe0d0 0x0000000000000000
XMM[4]=0x000e178101b4d89f 0x34e63b4167e12cdf
XMM[5]=0x72616e6f69746369 0x446d65747379735c
XMM[6]=0x0000000000000000 0x0000000000000000
XMM[7]=0x0000000000000000 0x0000000000000000
XMM[8]=0x0000000000000000 0x0000000000000000
XMM[9]=0x0000000000000000 0x0000000000000000
XMM[10]=0x0000000000000000 0x0000000000000000
XMM[11]=0x0000000000000000 0x0000000000000000
XMM[12]=0x0000000000000000 0x0000000000000000
XMM[13]=0x0000000000000000 0x0000000000000000
XMM[14]=0x0000000000000000 0x0000000000000000
XMM[15]=0x0000000000000000 0x0000000000000000
  MXCSR=0x00001fa7


Register to memory mapping:

RAX=0x0 is null
RBX=0x0000000000000005 is an unknown value
RCX=0x00000000690bffff is an unknown value
RDX=0x00007fff785dab5e is an unknown value
RSP=0x0000009a419fe550 is pointing into the stack for thread: 0x0000023de19432a0
RBP=0x0 is null
RSI=0x0 is null
RDI=0x000000001a4d3aa0 is pointing into metadata
R8 =0x0 is null
R9 =0x0 is null
R10=0x00007ffffafbe8e0 jvm.dll
R11=0x0000009a419fe708 is pointing into the stack for thread: 0x0000023de19432a0
R12=0x00007fff92ab6ff8 points into unknown readable memory: 0x00003e74696e693c | 3c 69 6e 69 74 3e 00 00
R13=0x0000023de19432a0 is a thread
R14=0x000000001a4dae00 is pointing into metadata
R15=0x00007fff92ab5964 points into unknown readable memory: 28 4a 49 29

Top of Stack: (sp=0x0000009a419fe550)
0x0000009a419fe550:   0000000000000005 0000000000000000   ................
0x0000009a419fe560:   000000001a4d3aa0 0000023de793e070   .:M.....p...=...
0x0000009a419fe570:   0000023de78f6930 0000023de78f6968   0i..=...hi..=...
0x0000009a419fe580:   0000023de78f6a00 00000000000000d8   .j..=...........
0x0000009a419fe590:   0000009a419fee80 0000023de19432a0   ...A.....2..=...
0x0000009a419fe5a0:   0000000000000000 025666f46c5e0272   ........r.^l.fV.
0x0000009a419fe5b0:   0000000000000000 0000023e355b6300   .........c[5>...
0x0000009a419fe5c0:   0000023de1943200 0000023de77bd0d0   .2..=.....{.=...
0x0000009a419fe5d0:   0000023de19432a0 0000023de19436d0   .2..=....6..=...
0x0000009a419fe5e0:   0000023de19432a0 000000000000001b   .2..=...........
0x0000009a419fe5f0:   0000023e34e9e278 0000023e355b63d8   x..4>....c[5>...
0x0000009a419fe600:   0000023de78f6960 00007ffffae5e54f   `i..=...O.......
0x0000009a419fe610:   0000023e34e9e278 0000023de78f6900   x..4>....i..=...
0x0000009a419fe620:   0000023de793edf0 0000023de22fd940   ....=...@./.=...
0x0000009a419fe630:   0000000000000000 0000000000000000   ................
0x0000009a419fe640:   0000000000000000 0000000000000000   ................
0x0000009a419fe650:   0000000000000000 0000000000000000   ................
0x0000009a419fe660:   0000023de19436d0 00007ff87aa01910   .6..=......z....
0x0000009a419fe670:   0000023de19436d0 0000023defab9808   .6..=.......=...
0x0000009a419fe680:   0000000000000000 00007ff8784f26ee   .........&Ox....
0x0000009a419fe690:   00010101ffffffff 0000009a419fe730   ........0..A....
0x0000009a419fe6a0:   0000009a419fe730 00007ff8785d0e40   0..A....@.]x....
0x0000009a419fe6b0:   0000000000000000 00007ff8784f2690   .........&Ox....
0x0000009a419fe6c0:   0000682960c36214 0000000000000018   .b.`)h..........
0x0000009a419fe6d0:   0000023de19436d0 0000000000000000   .6..=...........
0x0000009a419fe6e0:   0000023def32abd0 0000023e355b63d8   ..2.=....c[5>...
0x0000009a419fe6f0:   0000023de19436d0 00007fff92ab5964   .6..=...dY......
0x0000009a419fe700:   00007fff92ab6ff8 00007ffffafbe9a4   .o..............
0x0000009a419fe710:   0000023de19432a0 00007fff9291c565   .2..=...e.......
0x0000009a419fe720:   00007fff94eb1b78 00007fff92aa81d0   x...............
0x0000009a419fe730:   0000009a00000000 0000023de19432a0   .........2..=...
0x0000009a419fe740:   0000023de19432a0 0000023de78f6958   .2..=...Xi..=...

Instructions: (pc=0x00007ffffafc180e)
  0x00007ffffafc170e:   41 57 48 81 ec 80 01 00 00 48 8b 05 22 91 85 00
  0x00007ffffafc171e:   48 33 c4 48 89 84 24 70 01 00 00 0f b6 ac 24 e0
  0x00007ffffafc172e:   01 00 00 4d 8b f9 4c 8b ac 24 e8 01 00 00 4d 8b
  0x00007ffffafc173e:   e0 40 88 6c 24 30 48 8b f2 4d 85 c0 75 0e 48 8b
  0x00007ffffafc174e:   0d 8d c6 8d 00 e8 98 be 3f 00 eb 03 49 8b c4 48
  0x00007ffffafc175e:   c7 c3 ff ff ff ff 48 8b d3 48 ff c2 80 3c 10 00
  0x00007ffffafc176e:   75 f7 4c 8d 44 24 58 48 8b c8 e8 33 fb 3f 00 48
  0x00007ffffafc177e:   8b f8 48 85 c0 74 10 8b 08 66 83 f9 01 75 08 48
  0x00007ffffafc178e:   8b c8 e8 0b ce 3f 00 48 ff c3 41 80 3c 1f 00 75
  0x00007ffffafc179e:   f6 4c 8d 44 24 5c 8b d3 49 8b cf e8 02 fb 3f 00
  0x00007ffffafc17ae:   4c 8b f0 48 85 c0 74 10 8b 08 66 83 f9 01 75 08
  0x00007ffffafc17be:   48 8b c8 e8 da cd 3f 00 48 85 ff 0f 84 9d 02 00
  0x00007ffffafc17ce:   00 4d 85 f6 0f 84 94 02 00 00 48 8b c6 83 e0 03
  0x00007ffffafc17de:   48 83 f8 01 75 12 48 8b 05 ed 3c 83 00 48 8d 4e
  0x00007ffffafc17ee:   ff ff d0 48 8b d8 eb 1b 48 83 f8 02 75 12 48 8b
  0x00007ffffafc17fe:   05 1d 98 82 00 48 8d 4e fe ff d0 48 8b d8 eb 03
=>0x00007ffffafc180e:   48 8b 1e 8b 15 61 c3 89 00 48 8b cb e8 f1 f9 2a
  0x00007ffffafc181e:   00 8b 15 53 c3 89 00 48 8b cb 48 8b f0 e8 e0 f9
  0x00007ffffafc182e:   2a 00 48 8b ce 48 85 c0 0f 85 c6 00 00 00 49 8b
  0x00007ffffafc183e:   9d 90 03 00 00 48 8b 43 18 48 8b 6b 20 48 89 44
  0x00007ffffafc184e:   24 38 48 8b 43 28 48 89 44 24 48 48 8b 43 08 48
  0x00007ffffafc185e:   89 44 24 40 48 8b 06 ff 90 10 01 00 00 80 7c 24
  0x00007ffffafc186e:   30 00 4c 8d 05 f9 97 52 00 4c 8b c8 4c 89 7c 24
  0x00007ffffafc187e:   28 48 8d 05 c2 9b 52 00 4c 89 64 24 20 4c 0f 45
  0x00007ffffafc188e:   c0 48 8d 15 9a 16 64 00 48 8d 4c 24 60 e8 70 2e
  0x00007ffffafc189e:   be ff 4c 8b 0d 79 be 8d 00 48 8d 15 e2 15 64 00
  0x00007ffffafc18ae:   49 8b cd 4c 8b 00 4c 89 44 24 20 41 b8 38 04 00
  0x00007ffffafc18be:   00 e8 fc c7 e9 ff 48 8b 74 24 38 48 83 3e 00 74
  0x00007ffffafc18ce:   15 48 8b 54 24 40 48 8b cb e8 e4 c2 c0 ff 48 8b
  0x00007ffffafc18de:   ce e8 bc c2 c0 ff 48 39 6b 20 74 2b 48 8b 44 24
  0x00007ffffafc18ee:   48 48 89 43 28 48 89 73 18 48 89 6b 20 33 db e9
  0x00007ffffafc18fe:   92 01 00 00 48 8b 06 49 8b d5 ff 90 b0 00 00 00


Stack slot to memory mapping:

stack at sp + 0 slots: 0x0000000000000005 is an unknown value
stack at sp + 1 slots: 0x0 is null
stack at sp + 2 slots: 0x000000001a4d3aa0 is pointing into metadata
stack at sp + 3 slots: 0x0000023de793e070 points into unknown readable memory: 0x0000023de7930a02 | 02 0a 93 e7 3d 02 00 00
stack at sp + 4 slots: 0x0000023de78f6930 points into unknown readable memory: 0x0000000000000000 | 00 00 00 00 00 00 00 00
stack at sp + 5 slots: 0x0000023de78f6968 points into unknown readable memory: 0x00000007ff93b680 | 80 b6 93 ff 07 00 00 00
stack at sp + 6 slots: 0x0000023de78f6a00 points into unknown readable memory: 0x00000007ff000900 | 00 09 00 ff 07 00 00 00
stack at sp + 7 slots: 0x00000000000000d8 is an unknown value

Lock stack of current Java thread (top to bottom):

native method entry point (kind = native)  [0x0000023dc70ad220, 0x0000023dc70ade18]  3064 bytes

Loading hsdis library failed, undisassembled code is shown in MachCode section
[MachCode]
  0x0000023dc70ad220: 488b 4b08 | 0fb7 492e | 584c 8d74 | ccf8 6800 | 0000 0068 | 0000 0000 | 5055 488b | ec41 5548 
  0x0000023dc70ad240: 8b43 084c | 8d68 3848 | 8b40 0868 | 0000 0000 | 5348 8b50 | 1848 8b52 | 7048 8b12 | 5248 8b53 
  0x0000023dc70ad260: 1048 85d2 | 7407 4881 | c2d0 0000 | 0052 488b | 5010 5249 | 8bc6 482b | c548 c1e8 | 0350 6800 
  0x0000023dc70ad280: 0000 0068 | f7ff ffff | 41c6 87ca | 0400 0001 | 488b 4310 | 4885 c074 | 208b 8890 | 0000 0083 
  0x0000023dc70ad2a0: c102 8988 | 9000 0000 | 2388 a400 | 0000 0f84 | b30a 0000 | e9cf 0000 | 0048 8b43 | 1848 85c0 
  0x0000023dc70ad2c0: 0f85 b000 | 0000 e805 | 0000 00e9 | 9900 0000 | 488b d348 | 8d44 2408 | 4c89 6dc0 | 498b cfc5 
  0x0000023dc70ad2e0: f877 4989 | af20 0400 | 0049 8987 | 1004 0000 | 4883 ec20 | 40f6 c40f | 0f84 1900 | 0000 4883 
  0x0000023dc70ad300: ec08 48b8 | 5073 f3fa | ff7f 0000 | ffd0 4883 | c408 e90c | 0000 0048 | b850 73f3 | faff 7f00 
  0x0000023dc70ad320: 00ff d048 | 83c4 2049 | c787 1004 | 0000 0000 | 0000 49c7 | 8720 0400 | 0000 0000 | 0049 c787 
  0x0000023dc70ad340: 1804 0000 | 0000 0000 | c5f8 7749 | 837f 0800 | 0f84 0500 | 0000 e985 | 44ff ff4c | 8b6d c04c 
  0x0000023dc70ad360: 8b75 c84e | 8d74 f500 | c348 8b43 | 1848 85c0 | 0f84 1200 | 0000 8b48 | 0883 c102 | 8948 0823 
  0x0000023dc70ad380: 482c 0f84 | df09 0000 | 493b a750 | 0500 000f | 8748 0000 | 0089 8424 | 00f0 ffff | 8984 2400 
  0x0000023dc70ad3a0: e0ff ff89 | 8424 00d0 | ffff 8984 | 2400 c0ff | ff89 8424 | 00b0 ffff | 8984 2400 | a0ff ff89 
  0x0000023dc70ad3c0: 8424 0090 | ffff 8984 | 2400 80ff | ff49 3ba7 | 4805 0000 | 7607 4989 | a750 0500 | 0041 c687 
  0x0000023dc70ad3e0: ca04 0000 | 0048 8b5d | e84c 8b5b | 0845 0fb7 | 5b2e 41c1 | e303 492b | e348 83ec | 2048 83e4 
  0x0000023dc70ad400: f04c 8b5b | 604d 85db | 0f85 ab00 | 0000 e805 | 0000 00e9 | 9900 0000 | 488b d348 | 8d44 2408 
  0x0000023dc70ad420: 4c89 6dc0 | 498b cfc5 | f877 4989 | af20 0400 | 0049 8987 | 1004 0000 | 4883 ec20 | 40f6 c40f 
  0x0000023dc70ad440: 0f84 1900 | 0000 4883 | ec08 48b8 | 109d f3fa | ff7f 0000 | ffd0 4883 | c408 e90c | 0000 0048 
  0x0000023dc70ad460: b810 9df3 | faff 7f00 | 00ff d048 | 83c4 2049 | c787 1004 | 0000 0000 | 0000 49c7 | 8720 0400 
  0x0000023dc70ad480: 0000 0000 | 0049 c787 | 1804 0000 | 0000 0000 | c5f8 7749 | 837f 0800 | 0f84 0500 | 0000 e93d 
  0x0000023dc70ad4a0: 43ff ff4c | 8b6d c04c | 8b75 c84e | 8d74 f500 | c348 8b5d | e84c 8b5b | 6041 ffd3 | 488b 5de8 
  0x0000023dc70ad4c0: 4889 4518 | 440f b75b | 2c41 f6c3 | 080f 841b | 0000 004c | 8b5b 084d | 8b5b 084d | 8b5b 184d 
  0x0000023dc70ad4e0: 8b5b 704d | 8b1b 4c89 | 5d10 488d | 5510 488b | 4358 49ba | b04e 30fb | ff7f 0000 | 493b c20f 
  0x0000023dc70ad500: 85ab 0000 | 00e8 0500 | 0000 e999 | 0000 0048 | 8bd3 488d | 4424 084c | 896d c049 | 8bcf c5f8 
  0x0000023dc70ad520: 7749 89af | 2004 0000 | 4989 8710 | 0400 0048 | 83ec 2040 | f6c4 0f0f | 8419 0000 | 0048 83ec 
  0x0000023dc70ad540: 0848 b810 | 9df3 faff | 7f00 00ff | d048 83c4 | 08e9 0c00 | 0000 48b8 | 109d f3fa | ff7f 0000 
  0x0000023dc70ad560: ffd0 4883 | c420 49c7 | 8710 0400 | 0000 0000 | 0049 c787 | 2004 0000 | 0000 0000 | 49c7 8718 
  0x0000023dc70ad580: 0400 0000 | 0000 00c5 | f877 4983 | 7f08 000f | 8405 0000 | 00e9 4642 | ffff 4c8b | 6dc0 4c8b 
  0x0000023dc70ad5a0: 75c8 4e8d | 74f5 00c3 | 488b 5de8 | 488b 4358 | 498d 8f30 | 0400 004c | 8d15 d500 | 0000 4d89 
  0x0000023dc70ad5c0: 9718 0400 | 00c5 f877 | 4989 af20 | 0400 0049 | 89a7 1004 | 0000 41c7 | 87ac 0400 | 0004 0000 
  0x0000023dc70ad5e0: 0049 3ba7 | a805 0000 | 7607 4989 | a7a8 0500 | 00ff d049 | 3ba7 a805 | 0000 720b | 49c7 87a8 
  0x0000023dc70ad600: 0500 0000 | 0000 00c5 | f877 4883 | ec10 c5fb | 1104 2448 | 83ec 1048 | 8904 2448 | c744 2408 
  0x0000023dc70ad620: 0000 0000 | 41c7 87ac | 0400 0005 | 0000 00f0 | 8344 24c0 | 0049 3b6f | 280f 870e | 0000 0041 
  0x0000023dc70ad640: 83bf a804 | 0000 000f | 8420 0000 | 0049 8bcf | 4c8b e448 | 83ec 2048 | 83e4 f048 | b860 05f5 
  0x0000023dc70ad660: faff 7f00 | 00ff d049 | 8be4 4d33 | e441 c787 | ac04 0000 | 0800 0000 | 4d8b 97c0 | 0500 0049 
  0x0000023dc70ad680: 83fa 0074 | 3549 c787 | c005 0000 | 0000 0000 | 41ff e249 | ba60 c10a | c73d 0200 | 0041 ffd2 
  0x0000023dc70ad6a0: 4883 ec10 | c5fb 1104 | 2448 83ec | 1048 8904 | 2448 c744 | 2408 0000 | 0000 49c7 | 8710 0400 
  0x0000023dc70ad6c0: 0000 0000 | 0049 c787 | 2004 0000 | 0000 0000 | 49c7 8718 | 0400 0000 | 0000 00c5 | f877 4d8b 
  0x0000023dc70ad6e0: 9f90 0400 | 0041 c783 | 0001 0000 | 0000 0000 | 49bb 5aaa | 0ac7 3d02 | 0000 4c3b | 5d18 0f85 
  0x0000023dc70ad700: 5602 0000 | 488b 0424 | 4883 c410 | 4885 c00f | 8430 0200 | 00a8 030f | 8508 0000 | 0048 8b00 
  0x0000023dc70ad720: e920 0200 | 00a8 010f | 8509 0000 | 0048 8b40 | fee9 0f02 | 0000 488b | 40ff 4180 | 7f48 000f 
  0x0000023dc70ad740: 8400 0200 | 0048 85c0 | 0f84 f701 | 0000 4d8b | 5f38 4d85 | db74 1449 | 83eb 084d | 895f 384d 
  0x0000023dc70ad760: 035f 4049 | 8903 e9da | 0100 0048 | 81ec f000 | 0000 4889 | 0424 4889 | 4c24 0848 | 8954 2410 
  0x0000023dc70ad780: 4c89 4424 | 184c 894c | 2420 4c89 | 5424 284c | 895c 2430 | c5fb 1144 | 2440 c5fb | 114c 2448 
  0x0000023dc70ad7a0: c5fb 1154 | 2450 c5fb | 115c 2458 | c5fb 1164 | 2460 c5fb | 116c 2468 | 62e1 ff08 | 1144 240e 
  0x0000023dc70ad7c0: 62e1 ff08 | 114c 240f | 62e1 ff08 | 1154 2410 | 62e1 ff08 | 115c 2411 | 62e1 ff08 | 1164 2412 
  0x0000023dc70ad7e0: 62e1 ff08 | 116c 2413 | 62e1 ff08 | 1174 2414 | 62e1 ff08 | 117c 2415 | 6261 ff08 | 1144 2416 
  0x0000023dc70ad800: 6261 ff08 | 114c 2417 | 6261 ff08 | 1154 2418 | 6261 ff08 | 115c 2419 | 6261 ff08 | 1164 241a 
  0x0000023dc70ad820: 6261 ff08 | 116c 241b | 6261 ff08 | 1174 241c | 6261 ff08 | 117c 241d | 498b d748 | 8bc8 4883 
  0x0000023dc70ad840: ec20 40f6 | c40f 0f84 | 1900 0000 | 4883 ec08 | 48b8 90ac | e7fa ff7f | 0000 ffd0 | 4883 c408 
  0x0000023dc70ad860: e90c 0000 | 0048 b890 | ace7 faff | 7f00 00ff | d048 83c4 | 2062 61ff | 0810 7c24 | 1d62 61ff 
  0x0000023dc70ad880: 0810 7424 | 1c62 61ff | 0810 6c24 | 1b62 61ff | 0810 6424 | 1a62 61ff | 0810 5c24 | 1962 61ff 
  0x0000023dc70ad8a0: 0810 5424 | 1862 61ff | 0810 4c24 | 1762 61ff | 0810 4424 | 1662 e1ff | 0810 7c24 | 1562 e1ff 
  0x0000023dc70ad8c0: 0810 7424 | 1462 e1ff | 0810 6c24 | 1362 e1ff | 0810 6424 | 1262 e1ff | 0810 5c24 | 1162 e1ff 
  0x0000023dc70ad8e0: 0810 5424 | 1062 e1ff | 0810 4c24 | 0f62 e1ff | 0810 4424 | 0ec5 fb10 | 6c24 68c5 | fb10 6424 
  0x0000023dc70ad900: 60c5 fb10 | 5c24 58c5 | fb10 5424 | 50c5 fb10 | 4c24 48c5 | fb10 4424 | 404c 8b5c | 2430 4c8b 
  0x0000023dc70ad920: 5424 284c | 8b4c 2420 | 4c8b 4424 | 1848 8b54 | 2410 488b | 4c24 0848 | 8b04 2448 | 81c4 f000 
  0x0000023dc70ad940: 0000 c5f8 | 7748 8945 | 1048 83ec | 1048 8904 | 2448 c744 | 2408 0000 | 0000 4183 | bf30 0500 
  0x0000023dc70ad960: 0002 0f85 | bf00 0000 | 4881 ec80 | 0000 0048 | 8944 2478 | 4889 4c24 | 7048 8954 | 2468 4889 
  0x0000023dc70ad980: 5c24 6048 | 896c 2450 | 4889 7424 | 4848 897c | 2440 4c89 | 4424 384c | 894c 2430 | 4c89 5424 
  0x0000023dc70ad9a0: 284c 895c | 2420 4c89 | 6424 184c | 896c 2410 | 4c89 7424 | 084c 893c | 244c 8be4 | 4883 ec20 
  0x0000023dc70ad9c0: 4883 e4f0 | 48b8 3036 | 30fb ff7f | 0000 ffd0 | 498b e44c | 8b3c 244c | 8b74 2408 | 4c8b 6c24 
  0x0000023dc70ad9e0: 104c 8b64 | 2418 4c8b | 5c24 204c | 8b54 2428 | 4c8b 4c24 | 304c 8b44 | 2438 488b | 7c24 4048 
  0x0000023dc70ada00: 8b74 2448 | 488b 6c24 | 5048 8b5c | 2460 488b | 5424 6848 | 8b4c 2470 | 488b 4424 | 7848 81c4 
  0x0000023dc70ada20: 8000 0000 | 4d33 e448 | 8b5d e84c | 8b6b 084d | 8d6d 3849 | 837f 0800 | 0f84 bb00 | 0000 e805 
  0x0000023dc70ada40: 0000 00e9 | 9600 0000 | 488d 4424 | 084c 896d | c049 8bcf | c5f8 7749 | 89af 2004 | 0000 4989 
  0x0000023dc70ada60: 8710 0400 | 0048 83ec | 2040 f6c4 | 0f0f 8419 | 0000 0048 | 83ec 0848 | b840 bbf3 | faff 7f00 
  0x0000023dc70ada80: 00ff d048 | 83c4 08e9 | 0c00 0000 | 48b8 40bb | f3fa ff7f | 0000 ffd0 | 4883 c420 | 49c7 8710 
  0x0000023dc70adaa0: 0400 0000 | 0000 0049 | c787 2004 | 0000 0000 | 0000 49c7 | 8718 0400 | 0000 0000 | 00c5 f877 
  0x0000023dc70adac0: 4983 7f08 | 000f 8405 | 0000 00e9 | 103d ffff | 4c8b 6dc0 | 4c8b 75c8 | 4e8d 74f5 | 00c3 48b9 
  0x0000023dc70adae0: 2872 5bfb | ff7f 0000 | 4883 e4f0 | 48b8 40e4 | 1cfb ff7f | 0000 ffd0 | f444 0fb7 | 5b2c 41f6 
  0x0000023dc70adb00: c320 0f84 | 7201 0000 | 488d 55a8 | 4c8b 5a08 | 4d85 db0f | 85bb 0000 | 00e8 0500 | 0000 e996 
  0x0000023dc70adb20: 0000 0048 | 8d44 2408 | 4c89 6dc0 | 498b cfc5 | f877 4989 | af20 0400 | 0049 8987 | 1004 0000 
  0x0000023dc70adb40: 4883 ec20 | 40f6 c40f | 0f84 1900 | 0000 4883 | ec08 48b8 | 70ba f3fa | ff7f 0000 | ffd0 4883 
  0x0000023dc70adb60: c408 e90c | 0000 0048 | b870 baf3 | faff 7f00 | 00ff d048 | 83c4 2049 | c787 1004 | 0000 0000 
  0x0000023dc70adb80: 0000 49c7 | 8720 0400 | 0000 0000 | 0049 c787 | 1804 0000 | 0000 0000 | c5f8 7749 | 837f 0800 
  0x0000023dc70adba0: 0f84 0500 | 0000 e935 | 3cff ff4c | 8b6d c04c | 8b75 c84e | 8d74 f500 | c348 b928 | 725b fbff 
  0x0000023dc70adbc0: 7f00 0048 | 83e4 f048 | b840 e41c | fbff 7f00 | 00ff d0f4 | 4c89 6dc0 | 4c8b 4a08 | 48c7 4208 
  0x0000023dc70adbe0: 0000 0000 | 458b 87c8 | 0600 004f | 3b4c 07f8 | 0f85 4200 | 0000 4183 | afc8 0600 | 0008 4f3b 
  0x0000023dc70adc00: 4c07 f00f | 842a 0000 | 0049 8b01 | a802 0f85 | 1200 0000 | 4c8b c049 | 83c8 01f0 | 4d0f b101 
  0x0000023dc70adc20: 0f84 0d00 | 0000 4183 | 87c8 0600 | 0008 e905 | 0000 00e9 | 3e00 0000 | 4c89 4a08 | 488b ca48 
  0x0000023dc70adc40: 83ec 2040 | f6c4 0f0f | 8419 0000 | 0048 83ec | 0848 b8a0 | 8cf3 faff | 7f00 00ff | d048 83c4 
  0x0000023dc70adc60: 08e9 0c00 | 0000 48b8 | a08c f3fa | ff7f 0000 | ffd0 4883 | c420 4c8b | 6dc0 41c6 | 877e 0300 
  0x0000023dc70adc80: 0001 493b | 6f28 0f87 | 0500 0000 | e9ab 0000 | 0048 83ec | 10c5 fb11 | 0424 4883 | ec10 4889 
  0x0000023dc70adca0: 0424 48c7 | 4424 0800 | 0000 00c5 | f877 4989 | af20 0400 | 0049 baab | dc0a c73d | 0200 004d 
  0x0000023dc70adcc0: 8997 1804 | 0000 4989 | a710 0400 | 0049 8bcf | 4883 ec20 | 40f6 c40f | 0f84 1900 | 0000 4883 
  0x0000023dc70adce0: ec08 48b8 | e072 f3fa | ff7f 0000 | ffd0 4883 | c408 e90c | 0000 0048 | b8e0 72f3 | faff 7f00 
  0x0000023dc70add00: 00ff d048 | 83c4 2049 | c787 1004 | 0000 0000 | 0000 49c7 | 8720 0400 | 0000 0000 | 0049 c787 
  0x0000023dc70add20: 1804 0000 | 0000 0000 | c5f8 7748 | 8b04 2448 | 83c4 10c5 | fb10 0424 | 4883 c410 | 488b 0424 
  0x0000023dc70add40: 4883 c410 | c5fb 1004 | 2448 83c4 | 104c 8b5d | 1841 ffd3 | 4c8b 5df8 | c941 c687 | 7e03 0000 
  0x0000023dc70add60: 005f 498b | e3ff e7ba | 0000 0000 | e805 0000 | 00e9 9600 | 0000 488d | 4424 084c | 896d c049 
  0x0000023dc70add80: 8bcf c5f8 | 7749 89af | 2004 0000 | 4989 8710 | 0400 0048 | 83ec 2040 | f6c4 0f0f | 8419 0000 
  0x0000023dc70adda0: 0048 83ec | 0848 b8a0 | 82f3 faff | 7f00 00ff | d048 83c4 | 08e9 0c00 | 0000 48b8 | a082 f3fa 
  0x0000023dc70addc0: ff7f 0000 | ffd0 4883 | c420 49c7 | 8710 0400 | 0000 0000 | 0049 c787 | 2004 0000 | 0000 0000 
  0x0000023dc70adde0: 49c7 8718 | 0400 0000 | 0000 00c5 | f877 4983 | 7f08 000f | 8405 0000 | 00e9 e239 | ffff 4c8b 
  0x0000023dc70ade00: 6dc0 4c8b | 75c8 4e8d | 74f5 00c3 | 488b 5de8 | e973 f5ff | ff66 6690 
[/MachCode]

Compiled method (c1) 15282 4354       3       com.sun.javafx.application.PlatformImpl$$Lambda/0x000000001b087480::run (8 bytes)
 total in heap  [0x0000023dc01ba788,0x0000023dc01baab8] = 816
 main code      [0x0000023dc01ba880,0x0000023dc01baa70] = 496
 stub code      [0x0000023dc01baa70,0x0000023dc01baab0] = 64
 oops           [0x0000023dc01baab0,0x0000023dc01baab8] = 8
 mutable data [0x0000023defb1c8b0,0x0000023defb1c908] = 88
 relocation     [0x0000023defb1c8b0,0x0000023defb1c8f8] = 72
 metadata       [0x0000023defb1c8f8,0x0000023defb1c908] = 16
 immutable data [0x0000023e35534180,0x0000023e3553421c] = 156
 dependencies   [0x0000023e35534180,0x0000023e35534188] = 8
 nul chk table  [0x0000023e35534188,0x0000023e35534198] = 16
 scopes pcs     [0x0000023e35534198,0x0000023e355341f8] = 96
 scopes data    [0x0000023e355341f8,0x0000023e35534218] = 32

[Constant Pool (empty)]


Loading hsdis library failed, undisassembled code is shown in MachCode section
[MachCode]
[Instructions begin]
  0x0000023dc01ba880: 6666 660f | 1f84 0000 | 0000 0066 | 6666 9066 | 6690 448b | 5208 443b 

  0x0000023dc01ba898: ;   {runtime_call Shared Runtime ic_miss_blob}
  0x0000023dc01ba898: 5008 0f85 | 4047 f306 
[Verified Entry Point]
  0x0000023dc01ba8a0: 8984 2400 | 80ff ff55 | 4883 ec30 | 4181 7f20 | 0300 0000 

  0x0000023dc01ba8b4: ;   {runtime_call Stub::Stub Generator method_entry_barrier_stub}
  0x0000023dc01ba8b4: 7405 e865 

  0x0000023dc01ba8b8: ;   {metadata(method data for {method} {0x0000023de35f5500} 'run' '()Ljava/lang/Object;' in 'com/sun/javafx/application/PlatformImpl$$Lambda+0x000000001b087480')}
  0x0000023dc01ba8b8: baf1 0648 | be88 fe98 | e43d 0200 | 008b be90 | 0000 0083 | c702 89be | 9000 0000 | 81e7 fe07 
  0x0000023dc01ba8d8: 0000 85ff | 0f84 0401 | 0000 8b52 | 0c48 c1e2 

  0x0000023dc01ba8e8: ;   {metadata(method data for {method} {0x0000023de35f5500} 'run' '()Ljava/lang/Object;' in 'com/sun/javafx/application/PlatformImpl$$Lambda+0x000000001b087480')}
  0x0000023dc01ba8e8: 0348 be88 | fe98 e43d | 0200 0048 | 8386 d800 

  0x0000023dc01ba8f8: ;   {metadata(method data for {method} {0x0000023de3476bb8} 'lambda$runLater$10' '(Ljava/lang/Runnable;)Ljava/lang/Void;' in 'com/sun/javafx/application/PlatformImpl')}
  0x0000023dc01ba8f8: 0000 0148 | be00 0099 | e43d 0200 | 008b be90 | 0000 0083 | c702 89be | 9000 0000 | 81e7 feff 
  0x0000023dc01ba918: 1f00 85ff | 0f84 e500 | 0000 483b | 0248 8bf2 

  0x0000023dc01ba928: ;   {metadata(method data for {method} {0x0000023de3476bb8} 'lambda$runLater$10' '(Ljava/lang/Runnable;)Ljava/lang/Void;' in 'com/sun/javafx/application/PlatformImpl')}
  0x0000023dc01ba928: 48bf 0000 | 99e4 3d02 | 0000 8b76 | 0841 ba00 | 0000 1a49 | 03f2 483b | b7e0 0000 | 0075 0d48 
  0x0000023dc01ba948: 8387 e800 | 0000 01e9 | 6000 0000 | 483b b7f0 | 0000 0075 | 0d48 8387 | f800 0000 | 01e9 4a00 
  0x0000023dc01ba968: 0000 4883 | bfe0 0000 | 0000 7517 | 4889 b7e0 | 0000 0048 | c787 e800 | 0000 0100 | 0000 e929 
  0x0000023dc01ba988: 0000 0048 | 83bf f000 | 0000 0075 | 1748 89b7 | f000 0000 | 48c7 87f8 | 0000 0001 | 0000 00e9 
  0x0000023dc01ba9a8: 0800 0000 | 4883 87d8 | 0000 0001 | 9048 b8f0 | 549a 333e 

  0x0000023dc01ba9bc: ;   {virtual_call}
  0x0000023dc01ba9bc: 0200 00e8 

  0x0000023dc01ba9c0: ; ImmutableOopMap {}
                      ;*invokeinterface run {reexecute=0 rethrow=0 return_oop=0}
                      ; - com.sun.javafx.application.PlatformImpl::lambda$runLater$10@1 (line 456)
                      ; - com.sun.javafx.application.PlatformImpl$$Lambda/0x000000001b087480::run@4
  0x0000023dc01ba9c0: 242c 0207 

  0x0000023dc01ba9c4: ;   {post_call_nop}
  0x0000023dc01ba9c4: 0f1f 8400 | 3c02 0000 

  0x0000023dc01ba9cc: ;   {oop(nullptr)}
  0x0000023dc01ba9cc: 48b8 0000 | 0000 0000 | 0000 4883 

  0x0000023dc01ba9d8: ;   {poll_return}
  0x0000023dc01ba9d8: c430 5d49 | 3b67 280f | 8748 0000 

  0x0000023dc01ba9e4: ;   {metadata({method} {0x0000023de35f5500} 'run' '()Ljava/lang/Object;' in 'com/sun/javafx/application/PlatformImpl$$Lambda+0x000000001b087480')}
  0x0000023dc01ba9e4: 00c3 49ba | f854 5fe3 | 3d02 0000 | 4c89 5424 | 0848 c704 | 24ff ffff 

  0x0000023dc01ba9fc: ;   {runtime_call C1 Runtime counter_overflow_blob}
  0x0000023dc01ba9fc: ffe8 de51 

  0x0000023dc01baa00: ; ImmutableOopMap {rdx=Oop }
                      ;*synchronization entry
                      ; - com.sun.javafx.application.PlatformImpl$$Lambda/0x000000001b087480::run@-1
  0x0000023dc01baa00: 0107 e9db 

  0x0000023dc01baa04: ;   {metadata({method} {0x0000023de3476bb8} 'lambda$runLater$10' '(Ljava/lang/Runnable;)Ljava/lang/Void;' in 'com/sun/javafx/application/PlatformImpl')}
  0x0000023dc01baa04: feff ff49 | bab0 6b47 | e33d 0200 | 004c 8954 | 2408 48c7 | 0424 ffff 

  0x0000023dc01baa1c: ;   {runtime_call C1 Runtime counter_overflow_blob}
  0x0000023dc01baa1c: ffff e8bd 

  0x0000023dc01baa20: ; ImmutableOopMap {rdx=Oop }
                      ;*synchronization entry
                      ; - com.sun.javafx.application.PlatformImpl::lambda$runLater$10@-1 (line 456)
                      ; - com.sun.javafx.application.PlatformImpl$$Lambda/0x000000001b087480::run@4
  0x0000023dc01baa20: 5101 07e9 | fafe ffff 

  0x0000023dc01baa28: ;   {runtime_call C1 Runtime throw_null_pointer_exception_blob}
  0x0000023dc01baa28: e833 d800 

  0x0000023dc01baa2c: ; ImmutableOopMap {rdx=Oop }
                      ;*invokeinterface run {reexecute=0 rethrow=0 return_oop=0}
                      ; - com.sun.javafx.application.PlatformImpl::lambda$runLater$10@1 (line 456)
                      ; - com.sun.javafx.application.PlatformImpl$$Lambda/0x000000001b087480::run@4
                      ;   {internal_word}
  0x0000023dc01baa2c: 0749 badb | a91b c03d | 0200 004d | 8997 b804 

  0x0000023dc01baa3c: ;   {runtime_call SafepointBlob}
  0x0000023dc01baa3c: 0000 e91d | 7bf3 0649 | 8b87 6805 | 0000 49c7 | 8768 0500 | 0000 0000 | 0049 c787 | 7005 0000 
  0x0000023dc01baa5c: 0000 0000 | 4883 c430 

  0x0000023dc01baa64: ;   {runtime_call C1 Runtime unwind_exception_blob}
  0x0000023dc01baa64: 5de9 76c4 | 0007 f4f4 | f4f4 f4f4 
[Stub Code]
  0x0000023dc01baa70: ;   {other}
  0x0000023dc01baa70: 0f1f 4400 

  0x0000023dc01baa74: ;   {static_stub}
  0x0000023dc01baa74: 0048 bb00 | 0000 0000 

  0x0000023dc01baa7c: ;   {runtime_call nmethod}
  0x0000023dc01baa7c: 0000 00e9 | fbff ffff 
[Exception Handler]
  0x0000023dc01baa84: ;   {runtime_call C1 Runtime handle_exception_from_callee_blob}
  0x0000023dc01baa84: e8d7 0201 

  0x0000023dc01baa88: ;   {external_word}
  0x0000023dc01baa88: 0748 b928 | 725b fbff | 7f00 0048 

  0x0000023dc01baa94: ;   {runtime_call}
  0x0000023dc01baa94: 83e4 f048 | b840 e41c | fbff 7f00 | 00ff d0f4 

  0x0000023dc01baaa4: ;   {runtime_call DeoptimizationBlob}
  0x0000023dc01baaa4: e837 62f3 | 06eb f9f4 | f4f4 f4f4 
[/MachCode]


Compiled method (c1) 15285 4295   !   3       com.sun.javafx.application.PlatformImpl::lambda$runLater$11 (41 bytes)
 total in heap  [0x0000023dc019e288,0x0000023dc019eca8] = 2592
 main code      [0x0000023dc019e380,0x0000023dc019ec30] = 2224
 stub code      [0x0000023dc019ec30,0x0000023dc019ec98] = 104
 oops           [0x0000023dc019ec98,0x0000023dc019eca8] = 16
 mutable data [0x0000023e33d47c50,0x0000023e33d47d80] = 304
 relocation     [0x0000023e33d47c50,0x0000023e33d47d28] = 216
 metadata       [0x0000023e33d47d28,0x0000023e33d47d80] = 88
 immutable data [0x0000023e33f82730,0x0000023e33f82a54] = 804
 dependencies   [0x0000023e33f82730,0x0000023e33f82748] = 24
 nul chk table  [0x0000023e33f82748,0x0000023e33f82770] = 40
 handler table  [0x0000023e33f82770,0x0000023e33f827e8] = 120
 scopes pcs     [0x0000023e33f827e8,0x0000023e33f82938] = 336
 scopes data    [0x0000023e33f82938,0x0000023e33f82a50] = 280

[Constant Pool (empty)]


Loading hsdis library failed, undisassembled code is shown in MachCode section
[MachCode]
[Verified Entry Point]
  # {method} {0x0000023de3476b08} 'lambda$runLater$11' '(Ljava/lang/Runnable;Ljava/security/AccessControlContext;)V' in 'com/sun/javafx/application/PlatformImpl'
  # parm0:    rdx:rdx   = 'java/lang/Runnable'
  # parm1:    r8:r8     = 'java/security/AccessControlContext'
  #           [sp+0xa0]  (sp of caller)
  0x0000023dc019e380: 8984 2400 | 80ff ff55 | 4881 ec90 | 0000 0090 | 4181 7f20 | 0300 0000 

  0x0000023dc019e398: ;   {runtime_call Stub::Stub Generator method_entry_barrier_stub}
  0x0000023dc019e398: 7405 e881 

  0x0000023dc019e39c: ;   {metadata(method data for {method} {0x0000023de3476b08} 'lambda$runLater$11' '(Ljava/lang/Runnable;Ljava/security/AccessControlContext;)V' in 'com/sun/javafx/application/PlatformImpl')}
  0x0000023dc019e39c: 7ff3 0648 | be40 eb98 | e43d 0200 | 008b be90 | 0000 0083 | c702 89be | 9000 0000 | 81e7 fe07 
  0x0000023dc019e3bc: 0000 85ff | 0f84 e306 | 0000 4c89 

  0x0000023dc019e3c8: ;   {metadata(method data for {method} {0x0000023de3476b08} 'lambda$runLater$11' '(Ljava/lang/Runnable;Ljava/security/AccessControlContext;)V' in 'com/sun/javafx/application/PlatformImpl')}
  0x0000023dc019e3c8: 4424 7848 | be40 eb98 | e43d 0200 | 0048 8db6 | e800 0000 | 4885 d275 | 0ef6 4608 | 0175 2ff0 
  0x0000023dc019e3e8: 4883 4e08 | 01eb 278b | 7a08 41ba | 0000 001a | 4903 fa4c | 8bd7 4833 | 7e08 48f7 | c7fc ffff 
  0x0000023dc019e408: ff74 0b40 | f6c7 0275 | 0548 834e 

  0x0000023dc019e414: ;   {metadata(method data for {method} {0x0000023de3476b08} 'lambda$runLater$11' '(Ljava/lang/Runnable;Ljava/security/AccessControlContext;)V' in 'com/sun/javafx/application/PlatformImpl')}
  0x0000023dc019e414: 0802 48be | 40eb 98e4 | 3d02 0000 | 4883 86d8 | 0000 0001 

  0x0000023dc019e428: ;   {metadata(method data for {method} {0x000000001a2170e0} 'linkToTargetMethod' '(Ljava/lang/Object;Ljava/lang/Object;)Ljava/lang/Object;' in 'java/lang/invoke/Invokers$Holder')}
  0x0000023dc019e428: 48be c0f0 | 2ce3 3d02 | 0000 8bbe | 9000 0000 | 83c7 0289 | be90 0000 | 0081 e7fe | ff1f 0085 
  0x0000023dc019e448: ff0f 847b 

  0x0000023dc019e44c: ;   {metadata(method data for {method} {0x000000001a2170e0} 'linkToTargetMethod' '(Ljava/lang/Object;Ljava/lang/Object;)Ljava/lang/Object;' in 'java/lang/invoke/Invokers$Holder')}
  0x0000023dc019e44c: 0600 0048 | bec0 f02c | e33d 0200 | 0048 8386 | 0801 0000 

  0x0000023dc019e460: ;   {metadata(method data for {method} {0x000000001a219c78} 'newInvokeSpecial' '(Ljava/lang/Object;Ljava/lang/Object;)Ljava/lang/Object;' in 'java/lang/invoke/DirectMethodHandle$Holder')}
  0x0000023dc019e460: 0148 bee0 | 6030 e33d | 0200 008b | be90 0000 | 0083 c702 | 89be 9000 | 0000 81e7 | feff 1f00 
  0x0000023dc019e480: 85ff 0f84 | 6306 0000 

  0x0000023dc019e488: ;   {metadata(method data for {method} {0x000000001a219c78} 'newInvokeSpecial' '(Ljava/lang/Object;Ljava/lang/Object;)Ljava/lang/Object;' in 'java/lang/invoke/DirectMethodHandle$Holder')}
  0x0000023dc019e488: 48be e060 | 30e3 3d02 | 0000 4883 | 86d8 0000 

  0x0000023dc019e498: ;   {metadata(method data for {method} {0x000000001a209b18} 'allocateInstance' '(Ljava/lang/Object;)Ljava/lang/Object;' in 'java/lang/invoke/DirectMethodHandle')}
  0x0000023dc019e498: 0001 48be | 8816 24e3 | 3d02 0000 | 8bbe 9000 | 0000 83c7 | 0289 be90 | 0000 0081 | e7fe ff1f 
  0x0000023dc019e4b8: 0085 ff0f | 844b 0600 

  0x0000023dc019e4c0: ;   {oop(a 'jdk/internal/misc/Unsafe'{0x00000007ff001030})}
  0x0000023dc019e4c0: 0048 be30 | 1000 ff07 | 0000 0048 

  0x0000023dc019e4cc: ;   {metadata(method data for {method} {0x000000001a209b18} 'allocateInstance' '(Ljava/lang/Object;)Ljava/lang/Object;' in 'java/lang/invoke/DirectMethodHandle')}
  0x0000023dc019e4cc: 8bfe 48bb | 8816 24e3 | 3d02 0000 | 8b7f 0841 | ba00 0000 | 1a49 03fa | 483b bb10 | 0100 0075 
  0x0000023dc019e4ec: 0d48 8383 | 1801 0000 | 01e9 6000 | 0000 483b | bb20 0100 | 0075 0d48 | 8383 2801 | 0000 01e9 
  0x0000023dc019e50c: 4a00 0000 | 4883 bb10 | 0100 0000 | 7517 4889 | bb10 0100 | 0048 c783 | 1801 0000 | 0100 0000 
  0x0000023dc019e52c: e929 0000 | 0048 83bb | 2001 0000 | 0075 1748 | 89bb 2001 | 0000 48c7 | 8328 0100 | 0001 0000 
  0x0000023dc019e54c: 00e9 0800 | 0000 4883 | 8308 0100 

  0x0000023dc019e558: ;   {oop(a 'java/lang/Class'{0x00000007fe940b70} = 'com/sun/javafx/application/PlatformImpl$$Lambda+0x000000001b087480')}
  0x0000023dc019e558: 0001 49b8 | 700b 94fe | 0700 0000 | 4889 5424 | 7048 8bd6 

  0x0000023dc019e56c: ;   {optimized virtual_call}
  0x0000023dc019e56c: 6666 90e8 

  0x0000023dc019e570: ; ImmutableOopMap {[112]=Oop [120]=Oop }
                      ;*invokevirtual allocateInstance {reexecute=0 rethrow=0 return_oop=0}
                      ; - java.lang.invoke.DirectMethodHandle::allocateInstance@12 (line 503)
                      ; - java.lang.invoke.DirectMethodHandle$Holder::newInvokeSpecial@1
                      ; - java.lang.invoke.Invokers$Holder::linkToTargetMethod@5
                      ; - com.sun.javafx.application.PlatformImpl::lambda$runLater$11@1 (line 455)
  0x0000023dc019e570: 9cc8 4d07 

  0x0000023dc019e574: ;   {post_call_nop}
  0x0000023dc019e574: 0f1f 8400 | ec02 0000 

  0x0000023dc019e57c: ;   {metadata(method data for {method} {0x000000001a219c78} 'newInvokeSpecial' '(Ljava/lang/Object;Ljava/lang/Object;)Ljava/lang/Object;' in 'java/lang/invoke/DirectMethodHandle$Holder')}
  0x0000023dc019e57c: 48ba e060 | 30e3 3d02 | 0000 488d | 92f8 0000 | 0048 85c0 | 750a f602 | 0175 05f0 | 4883 0a01 
  0x0000023dc019e59c: ;   {metadata(method data for {method} {0x000000001a219c78} 'newInvokeSpecial' '(Ljava/lang/Object;Ljava/lang/Object;)Ljava/lang/Object;' in 'java/lang/invoke/DirectMethodHandle$Holder')}
  0x0000023dc019e59c: 48ba e060 | 30e3 3d02 | 0000 4883 | 8208 0100 

  0x0000023dc019e5ac: ;   {metadata(method data for {method} {0x000000001a20a5c0} 'constructorMethod' '(Ljava/lang/Object;)Ljava/lang/Object;' in 'java/lang/invoke/DirectMethodHandle')}
  0x0000023dc019e5ac: 0001 48ba | 0018 24e3 | 3d02 0000 | 8bb2 9000 | 0000 83c6 | 0289 b290 | 0000 0081 | e6fe ff1f 
  0x0000023dc019e5cc: 0085 f60f | 8458 0500 | 0048 3b00 

  0x0000023dc019e5d8: ;   {metadata(method data for {method} {0x000000001a219c78} 'newInvokeSpecial' '(Ljava/lang/Object;Ljava/lang/Object;)Ljava/lang/Object;' in 'java/lang/invoke/DirectMethodHandle$Holder')}
  0x0000023dc019e5d8: 488b d048 | bee0 6030 | e33d 0200 | 0048 8386 | 6801 0000 

  0x0000023dc019e5ec: ;   {metadata(method data for {method} {0x0000023de35f5468} '<init>' '(Ljava/lang/Runnable;)V' in 'com/sun/javafx/application/PlatformImpl$$Lambda+0x000000001b087480')}
  0x0000023dc019e5ec: 0148 ba70 | ed98 e43d | 0200 008b | b290 0000 | 0083 c602 | 89b2 9000 | 0000 81e6 | feff 1f00 
  0x0000023dc019e60c: 85f6 0f84 | 3f05 0000 

  0x0000023dc019e614: ;   {metadata(method data for {method} {0x0000023de35f5468} '<init>' '(Ljava/lang/Runnable;)V' in 'com/sun/javafx/application/PlatformImpl$$Lambda+0x000000001b087480')}
  0x0000023dc019e614: 488b d048 | be70 ed98 | e43d 0200 | 0048 8386 | d800 0000 

  0x0000023dc019e628: ;   {metadata(method data for {method} {0x000000001a4bc550} '<init>' '()V' in 'java/lang/Object')}
  0x0000023dc019e628: 0148 ba40 | c000 e33d | 0200 008b | b290 0000 | 0083 c602 | 89b2 9000 | 0000 81e6 | feff 1f00 
  0x0000023dc019e648: 85f6 0f84 | 2405 0000 | 410f be57 | 4885 d20f | 8538 0500 | 0048 8b54 | 2470 4c8b | d249 c1ea 
  0x0000023dc019e668: 0344 8950 | 0c48 8bf8 | 4833 fa48 | c1ef 1774 | 1848 85d2 | 7413 488b | f848 c1ef | 0949 037f 
  0x0000023dc019e688: 5080 3fff | 7503 c607 

  0x0000023dc019e690: ;   {metadata(method data for {method} {0x000000001a2170e0} 'linkToTargetMethod' '(Ljava/lang/Object;Ljava/lang/Object;)Ljava/lang/Object;' in 'java/lang/invoke/Invokers$Holder')}
  0x0000023dc019e690: 0048 bac0 | f02c e33d | 0200 0048 | 8d92 4801 | 0000 4885 | c075 0af6 | 0201 7505 | f048 830a 
  0x0000023dc019e6b0: ;   {metadata(method data for {method} {0x0000023de3476b08} 'lambda$runLater$11' '(Ljava/lang/Runnable;Ljava/security/AccessControlContext;)V' in 'com/sun/javafx/application/PlatformImpl')}
  0x0000023dc019e6b0: 0148 ba40 | eb98 e43d | 0200 0048 | 8d92 f800 | 0000 4885 | c075 0cf6 | 0201 752c | f048 830a 
  0x0000023dc019e6d0: 01eb 258b | 7008 41ba | 0000 001a | 4903 f24c | 8bd6 4833 | 3248 f7c6 | fcff ffff | 740a 40f6 
  0x0000023dc019e6f0: c602 7504 | 4883 0a02 

  0x0000023dc019e6f8: ;   {metadata(method data for {method} {0x0000023de3476b08} 'lambda$runLater$11' '(Ljava/lang/Runnable;Ljava/security/AccessControlContext;)V' in 'com/sun/javafx/application/PlatformImpl')}
  0x0000023dc019e6f8: 48ba 40eb | 98e4 3d02 | 0000 4883 | 8208 0100 

  0x0000023dc019e708: ;   {metadata(method data for {method} {0x000000001a3a6b90} 'doPrivileged' '(Ljava/security/PrivilegedAction;Ljava/security/AccessControlContext;)Ljava/lang/Object;' in 'java/security/AccessController')}
  0x0000023dc019e708: 0001 48ba | f036 86e4 | 3d02 0000 | 8bb2 9000 | 0000 83c6 | 0289 b290 | 0000 0081 | e6fe ff1f 
  0x0000023dc019e728: 0085 f60f | 8482 0400 | 0048 3b00 

  0x0000023dc019e734: ;   {metadata(method data for {method} {0x000000001a3a6b90} 'doPrivileged' '(Ljava/security/PrivilegedAction;Ljava/security/AccessControlContext;)Ljava/lang/Object;' in 'java/security/AccessController')}
  0x0000023dc019e734: 488b d048 | bef0 3686 | e43d 0200 | 008b 5208 | 41ba 0000 | 001a 4903 | d248 3b96 | e000 0000 
  0x0000023dc019e754: 750d 4883 | 86e8 0000 | 0001 e960 | 0000 0048 | 3b96 f000 | 0000 750d | 4883 86f8 | 0000 0001 
  0x0000023dc019e774: e94a 0000 | 0048 83be | e000 0000 | 0075 1748 | 8996 e000 | 0000 48c7 | 86e8 0000 | 0001 0000 
  0x0000023dc019e794: 00e9 2900 | 0000 4883 | bef0 0000 | 0000 7517 | 4889 96f0 | 0000 0048 | c786 f800 | 0000 0100 
  0x0000023dc019e7b4: 0000 e908 | 0000 0048 | 8386 d800 | 0000 0148 | 8bd0 0f1f | 8000 0000 | 0048 b880 | 3d9a 333e 
  0x0000023dc019e7d4: ;   {virtual_call}
  0x0000023dc019e7d4: 0200 00e8 

  0x0000023dc019e7d8: ; ImmutableOopMap {}
                      ;*invokeinterface run {reexecute=0 rethrow=0 return_oop=0}
                      ; - java.security.AccessController::doPrivileged@1 (line 138)
                      ; - com.sun.javafx.application.PlatformImpl::lambda$runLater$11@7 (line 455)
  0x0000023dc019e7d8: b6c0 0100 

  0x0000023dc019e7dc: ;   {post_call_nop}
  0x0000023dc019e7dc: 0f1f 8400 | 5405 0001 

  0x0000023dc019e7e4: ;   {metadata(method data for {method} {0x0000023de3476b08} 'lambda$runLater$11' '(Ljava/lang/Runnable;Ljava/security/AccessControlContext;)V' in 'com/sun/javafx/application/PlatformImpl')}
  0x0000023dc019e7e4: 4885 c048 | bf40 eb98 | e43d 0200 | 0075 0c80 | 8f11 0100 | 0001 e9a6 | 0000 008b | 5808 41ba 
  0x0000023dc019e804: 0000 001a | 4903 da48 | 3b9f 2001 | 0000 750d | 4883 8728 | 0100 0001 | e960 0000 | 0048 3b9f 
  0x0000023dc019e824: 3001 0000 | 750d 4883 | 8738 0100 | 0001 e94a | 0000 0048 | 83bf 2001 | 0000 0075 | 1748 899f 
  0x0000023dc019e844: 2001 0000 | 48c7 8728 | 0100 0001 | 0000 00e9 | 2900 0000 | 4883 bf30 | 0100 0000 | 7517 4889 
  0x0000023dc019e864: 9f30 0100 | 0048 c787 | 3801 0000 | 0100 0000 | e908 0000 | 0048 8387 | 1801 0000 

  0x0000023dc019e880: ;   {metadata('java/lang/Void')}
  0x0000023dc019e880: 0148 bb08 | 6a1b 1a00 | 0000 008b | 7008 41ba | 0000 001a | 4903 f248 | 3bde 0f85 | 3903 0000 
  0x0000023dc019e8a0: e900 0000 | 0048 8bd0 

  0x0000023dc019e8a8: ;   {oop(a 'java/lang/Class'{0x00000007ff579a38} = 'com/sun/javafx/application/PlatformImpl')}
  0x0000023dc019e8a8: 48ba 389a | 57ff 0700 | 0000 8b92 | 9000 0000 | 48c1 e203 

  0x0000023dc019e8bc: ; implicit exception: dispatches to 0x0000023dc019ebe2
  0x0000023dc019e8bc: 483b 0248 

  0x0000023dc019e8c0: ;   {metadata(method data for {method} {0x0000023de3476b08} 'lambda$runLater$11' '(Ljava/lang/Runnable;Ljava/security/AccessControlContext;)V' in 'com/sun/javafx/application/PlatformImpl')}
  0x0000023dc019e8c0: 8bf2 48bf | 40eb 98e4 | 3d02 0000 | 8b76 0841 | ba00 0000 | 1a49 03f2 | 483b b750 | 0100 0075 
  0x0000023dc019e8e0: 0d48 8387 | 5801 0000 | 01e9 6000 | 0000 483b | b760 0100 | 0075 0d48 | 8387 6801 | 0000 01e9 
  0x0000023dc019e900: 4a00 0000 | 4883 bf50 | 0100 0000 | 7517 4889 | b750 0100 | 0048 c787 | 5801 0000 | 0100 0000 
  0x0000023dc019e920: e929 0000 | 0048 83bf | 6001 0000 | 0075 1748 | 89b7 6001 | 0000 48c7 | 8768 0100 | 0001 0000 
  0x0000023dc019e940: 00e9 0800 | 0000 4883 | 8748 0100 

  0x0000023dc019e94c: ;   {optimized virtual_call}
  0x0000023dc019e94c: 0001 90e8 

  0x0000023dc019e950: ; ImmutableOopMap {}
                      ;*invokevirtual decrementAndGet {reexecute=0 rethrow=0 return_oop=0}
                      ; - com.sun.javafx.application.PlatformImpl::lambda$runLater$11@17 (line 460)
  0x0000023dc019e950: bcfe 6407 

  0x0000023dc019e954: ;   {post_call_nop}
  0x0000023dc019e954: 0f1f 8400 | cc06 0002 

  0x0000023dc019e95c: ;   {metadata(method data for {method} {0x0000023de3476b08} 'lambda$runLater$11' '(Ljava/lang/Runnable;Ljava/security/AccessControlContext;)V' in 'com/sun/javafx/application/PlatformImpl')}
  0x0000023dc019e95c: 48be 40eb | 98e4 3d02 | 0000 4883 | 8678 0100 

  0x0000023dc019e96c: ;   {static_call}
  0x0000023dc019e96c: 0001 90e8 

  0x0000023dc019e970: ; ImmutableOopMap {}
                      ;*invokestatic checkIdle {reexecute=0 rethrow=0 return_oop=0}
                      ; - com.sun.javafx.application.PlatformImpl::lambda$runLater$11@21 (line 461)
  0x0000023dc019e970: 0cde fdff 

  0x0000023dc019e974: ;   {post_call_nop}
  0x0000023dc019e974: 0f1f 8400 | ec06 0003 

  0x0000023dc019e97c: ;   {metadata(method data for {method} {0x0000023de3476b08} 'lambda$runLater$11' '(Ljava/lang/Runnable;Ljava/security/AccessControlContext;)V' in 'com/sun/javafx/application/PlatformImpl')}
  0x0000023dc019e97c: 48b8 40eb | 98e4 3d02 | 0000 ff80 | 8801 0000 | 4881 c490 | 0000 005d 

  0x0000023dc019e994: ;   {poll_return}
  0x0000023dc019e994: 493b 6728 | 0f87 4902 | 0000 c349 | 8b87 6805 | 0000 4d33 | d24d 8997 | 6805 0000 | 4d33 d24d 
  0x0000023dc019e9b4: 8997 7005 

  0x0000023dc019e9b8: ;   {oop(a 'java/lang/Class'{0x00000007ff579a38} = 'com/sun/javafx/application/PlatformImpl')}
  0x0000023dc019e9b8: 0000 48ba | 389a 57ff | 0700 0000 | 8b92 9000 | 0000 48c1 | e203 483b | 0248 8bf2 

  0x0000023dc019e9d4: ;   {metadata(method data for {method} {0x0000023de3476b08} 'lambda$runLater$11' '(Ljava/lang/Runnable;Ljava/security/AccessControlContext;)V' in 'com/sun/javafx/application/PlatformImpl')}
  0x0000023dc019e9d4: 48bf 40eb | 98e4 3d02 | 0000 8b76 | 0841 ba00 | 0000 1a49 | 03f2 483b | b7a8 0100 | 0075 0d48 
  0x0000023dc019e9f4: 8387 b001 | 0000 01e9 | 6000 0000 | 483b b7b8 | 0100 0075 | 0d48 8387 | c001 0000 | 01e9 4a00 
  0x0000023dc019ea14: 0000 4883 | bfa8 0100 | 0000 7517 | 4889 b7a8 | 0100 0048 | c787 b001 | 0000 0100 | 0000 e929 
  0x0000023dc019ea34: 0000 0048 | 83bf b801 | 0000 0075 | 1748 89b7 | b801 0000 | 48c7 87c0 | 0100 0001 | 0000 00e9 
  0x0000023dc019ea54: 0800 0000 | 4883 87a0 | 0100 0001 | 4889 8424 | 8000 0000 | 0f1f 8000 

  0x0000023dc019ea6c: ;   {optimized virtual_call}
  0x0000023dc019ea6c: 0000 00e8 

  0x0000023dc019ea70: ; ImmutableOopMap {[128]=Oop }
                      ;*invokevirtual decrementAndGet {reexecute=0 rethrow=0 return_oop=0}
                      ; - com.sun.javafx.application.PlatformImpl::lambda$runLater$11@31 (line 460)
  0x0000023dc019ea70: 6c0a f506 

  0x0000023dc019ea74: ;   {post_call_nop}
  0x0000023dc019ea74: 0f1f 8400 | ec07 0004 

  0x0000023dc019ea7c: ;   {metadata(method data for {method} {0x0000023de3476b08} 'lambda$runLater$11' '(Ljava/lang/Runnable;Ljava/security/AccessControlContext;)V' in 'com/sun/javafx/application/PlatformImpl')}
  0x0000023dc019ea7c: 48be 40eb | 98e4 3d02 | 0000 4883 | 86d0 0100 

  0x0000023dc019ea8c: ;   {static_call}
  0x0000023dc019ea8c: 0001 90e8 

  0x0000023dc019ea90: ; ImmutableOopMap {[128]=Oop }
                      ;*invokestatic checkIdle {reexecute=0 rethrow=0 return_oop=0}
                      ; - com.sun.javafx.application.PlatformImpl::lambda$runLater$11@35 (line 461)
  0x0000023dc019ea90: 4c14 f506 

  0x0000023dc019ea94: ;   {post_call_nop}
  0x0000023dc019ea94: 0f1f 8400 | 0c08 0005 | 488b 8424 | 8000 0000 | e976 0100 

  0x0000023dc019eaa8: ;   {metadata({method} {0x0000023de3476b08} 'lambda$runLater$11' '(Ljava/lang/Runnable;Ljava/security/AccessControlContext;)V' in 'com/sun/javafx/application/PlatformImpl')}
  0x0000023dc019eaa8: 0049 ba00 | 6b47 e33d | 0200 004c | 8954 2408 | 48c7 0424 | ffff ffff 

  0x0000023dc019eac0: ;   {runtime_call C1 Runtime counter_overflow_blob}
  0x0000023dc019eac0: e81b 1103 

  0x0000023dc019eac4: ; ImmutableOopMap {rdx=Oop r8=Oop }
                      ;*synchronization entry
                      ; - com.sun.javafx.application.PlatformImpl::lambda$runLater$11@-1 (line 455)
  0x0000023dc019eac4: 07e9 fcf8 

  0x0000023dc019eac8: ;   {metadata({method} {0x000000001a2170e0} 'linkToTargetMethod' '(Ljava/lang/Object;Ljava/lang/Object;)Ljava/lang/Object;' in 'java/lang/invoke/Invokers$Holder')}
  0x0000023dc019eac8: ffff 49ba | d870 211a | 0000 0000 | 4c89 5424 | 0848 c704 | 24ff ffff 

  0x0000023dc019eae0: ;   {runtime_call C1 Runtime counter_overflow_blob}
  0x0000023dc019eae0: ffe8 fa10 

  0x0000023dc019eae4: ; ImmutableOopMap {rdx=Oop [120]=Oop }
                      ;*synchronization entry
                      ; - java.lang.invoke.Invokers$Holder::linkToTargetMethod@-1
                      ; - com.sun.javafx.application.PlatformImpl::lambda$runLater$11@1 (line 455)
  0x0000023dc019eae4: 0307 e964 

  0x0000023dc019eae8: ;   {metadata({method} {0x000000001a219c78} 'newInvokeSpecial' '(Ljava/lang/Object;Ljava/lang/Object;)Ljava/lang/Object;' in 'java/lang/invoke/DirectMethodHandle$Holder')}
  0x0000023dc019eae8: f9ff ff49 | ba70 9c21 | 1a00 0000 | 004c 8954 | 2408 48c7 | 0424 ffff 

  0x0000023dc019eb00: ;   {runtime_call C1 Runtime counter_overflow_blob}
  0x0000023dc019eb00: ffff e8d9 

  0x0000023dc019eb04: ; ImmutableOopMap {rdx=Oop [120]=Oop }
                      ;*synchronization entry
                      ; - java.lang.invoke.DirectMethodHandle$Holder::newInvokeSpecial@-1
                      ; - java.lang.invoke.Invokers$Holder::linkToTargetMethod@5
                      ; - com.sun.javafx.application.PlatformImpl::lambda$runLater$11@1 (line 455)
  0x0000023dc019eb04: 1003 07e9 | 7cf9 ffff 

  0x0000023dc019eb0c: ;   {metadata({method} {0x000000001a209b18} 'allocateInstance' '(Ljava/lang/Object;)Ljava/lang/Object;' in 'java/lang/invoke/DirectMethodHandle')}
  0x0000023dc019eb0c: 49ba 109b | 201a 0000 | 0000 4c89 | 5424 0848 | c704 24ff 

  0x0000023dc019eb20: ;   {runtime_call C1 Runtime counter_overflow_blob}
  0x0000023dc019eb20: ffff ffe8 

  0x0000023dc019eb24: ; ImmutableOopMap {rdx=Oop [120]=Oop }
                      ;*synchronization entry
                      ; - java.lang.invoke.DirectMethodHandle::allocateInstance@-1 (line 502)
                      ; - java.lang.invoke.DirectMethodHandle$Holder::newInvokeSpecial@1
                      ; - java.lang.invoke.Invokers$Holder::linkToTargetMethod@5
                      ; - com.sun.javafx.application.PlatformImpl::lambda$runLater$11@1 (line 455)
  0x0000023dc019eb24: b810 0307 | e994 f9ff 

  0x0000023dc019eb2c: ;   {metadata({method} {0x000000001a20a5c0} 'constructorMethod' '(Ljava/lang/Object;)Ljava/lang/Object;' in 'java/lang/invoke/DirectMethodHandle')}
  0x0000023dc019eb2c: ff49 bab8 | a520 1a00 | 0000 004c | 8954 2408 | 48c7 0424 | ffff ffff 

  0x0000023dc019eb44: ;   {runtime_call C1 Runtime counter_overflow_blob}
  0x0000023dc019eb44: e897 1003 

  0x0000023dc019eb48: ; ImmutableOopMap {rax=Oop [112]=Oop [120]=Oop }
                      ;*synchronization entry
                      ; - java.lang.invoke.DirectMethodHandle::constructorMethod@-1 (line 496)
                      ; - java.lang.invoke.DirectMethodHandle$Holder::newInvokeSpecial@6
                      ; - java.lang.invoke.Invokers$Holder::linkToTargetMethod@5
                      ; - com.sun.javafx.application.PlatformImpl::lambda$runLater$11@1 (line 455)
  0x0000023dc019eb48: 07e9 87fa 

  0x0000023dc019eb4c: ;   {runtime_call C1 Runtime throw_null_pointer_exception_blob}
  0x0000023dc019eb4c: ffff e80d 

  0x0000023dc019eb50: ; ImmutableOopMap {rax=Oop [112]=Oop [120]=Oop }
                      ;*invokestatic linkToSpecial {reexecute=0 rethrow=0 return_oop=0}
                      ; - java.lang.invoke.DirectMethodHandle$Holder::newInvokeSpecial@16
                      ; - java.lang.invoke.Invokers$Holder::linkToTargetMethod@5
                      ; - com.sun.javafx.application.PlatformImpl::lambda$runLater$11@1 (line 455)
                      ;   {metadata({method} {0x0000023de35f5468} '<init>' '(Ljava/lang/Runnable;)V' in 'com/sun/javafx/application/PlatformImpl$$Lambda+0x000000001b087480')}
  0x0000023dc019eb50: 9702 0749 | ba60 545f | e33d 0200 | 004c 8954 | 2408 48c7 | 0424 ffff 

  0x0000023dc019eb68: ;   {runtime_call C1 Runtime counter_overflow_blob}
  0x0000023dc019eb68: ffff e871 

  0x0000023dc019eb6c: ; ImmutableOopMap {rax=Oop [112]=Oop [120]=Oop }
                      ;*synchronization entry
                      ; - com.sun.javafx.application.PlatformImpl$$Lambda/0x000000001b087480::<init>@-1
                      ; - java.lang.invoke.DirectMethodHandle$Holder::newInvokeSpecial@16
                      ; - java.lang.invoke.Invokers$Holder::linkToTargetMethod@5
                      ; - com.sun.javafx.application.PlatformImpl::lambda$runLater$11@1 (line 455)
  0x0000023dc019eb6c: 1003 07e9 | a0fa ffff 

  0x0000023dc019eb74: ;   {metadata({method} {0x000000001a4bc550} '<init>' '()V' in 'java/lang/Object')}
  0x0000023dc019eb74: 49ba 48c5 | 4b1a 0000 | 0000 4c89 | 5424 0848 | c704 24ff 

  0x0000023dc019eb88: ;   {runtime_call C1 Runtime counter_overflow_blob}
  0x0000023dc019eb88: ffff ffe8 

  0x0000023dc019eb8c: ; ImmutableOopMap {rax=Oop [112]=Oop [120]=Oop }
                      ;*synchronization entry
                      ; - java.lang.Object::<init>@-1 (line 46)
                      ; - com.sun.javafx.application.PlatformImpl$$Lambda/0x000000001b087480::<init>@1
                      ; - java.lang.invoke.DirectMethodHandle$Holder::newInvokeSpecial@16
                      ; - java.lang.invoke.Invokers$Holder::linkToTargetMethod@5
                      ; - com.sun.javafx.application.PlatformImpl::lambda$runLater$11@1 (line 455)
  0x0000023dc019eb8c: 5010 0307 | e9bb faff | ff8b 500c | 48c1 e203 | 4885 d20f | 84b8 faff | ff48 8914 

  0x0000023dc019eba8: ;   {runtime_call g1_pre_barrier_slow}
  0x0000023dc019eba8: 24e8 3217 | 0307 e9aa 

  0x0000023dc019ebb0: ;   {metadata({method} {0x000000001a3a6b90} 'doPrivileged' '(Ljava/security/PrivilegedAction;Ljava/security/AccessControlContext;)Ljava/lang/Object;' in 'java/security/AccessController')}
  0x0000023dc019ebb0: faff ff49 | ba88 6b3a | 1a00 0000 | 004c 8954 | 2408 48c7 | 0424 ffff 

  0x0000023dc019ebc8: ;   {runtime_call C1 Runtime counter_overflow_blob}
  0x0000023dc019ebc8: ffff e811 

  0x0000023dc019ebcc: ; ImmutableOopMap {rax=Oop }
                      ;*synchronization entry
                      ; - java.security.AccessController::doPrivileged@-1 (line 138)
                      ; - com.sun.javafx.application.PlatformImpl::lambda$runLater$11@7 (line 455)
  0x0000023dc019ebcc: 1003 07e9 | 5dfb ffff 

  0x0000023dc019ebd4: ;   {runtime_call C1 Runtime throw_null_pointer_exception_blob}
  0x0000023dc019ebd4: e887 9602 

  0x0000023dc019ebd8: ; ImmutableOopMap {rax=Oop }
                      ;*invokeinterface run {reexecute=0 rethrow=0 return_oop=0}
                      ; - java.security.AccessController::doPrivileged@1 (line 138)
                      ; - com.sun.javafx.application.PlatformImpl::lambda$runLater$11@7 (line 455)
  0x0000023dc019ebd8: 0748 8904 

  0x0000023dc019ebdc: ;   {runtime_call C1 Runtime throw_class_cast_exception_blob}
  0x0000023dc019ebdc: 24e8 7ec7 

  0x0000023dc019ebe0: ; ImmutableOopMap {}
                      ;*checkcast {reexecute=0 rethrow=0 return_oop=0}
                      ; - com.sun.javafx.application.PlatformImpl::lambda$runLater$11@10 (line 455)
                      ;   {runtime_call C1 Runtime throw_null_pointer_exception_blob}
  0x0000023dc019ebe0: 0207 e879 

  0x0000023dc019ebe4: ; ImmutableOopMap {rdx=Oop }
                      ;*invokevirtual decrementAndGet {reexecute=0 rethrow=0 return_oop=0}
                      ; - com.sun.javafx.application.PlatformImpl::lambda$runLater$11@17 (line 460)
                      ;   {internal_word}
  0x0000023dc019ebe4: 9602 0749 | ba94 e919 | c03d 0200 | 004d 8997 | b804 0000 

  0x0000023dc019ebf8: ;   {runtime_call SafepointBlob}
  0x0000023dc019ebf8: e963 39f5 

  0x0000023dc019ebfc: ;   {runtime_call C1 Runtime throw_null_pointer_exception_blob}
  0x0000023dc019ebfc: 06e8 5e96 

  0x0000023dc019ec00: ; ImmutableOopMap {rax=Oop rdx=Oop }
                      ;*invokevirtual decrementAndGet {reexecute=0 rethrow=0 return_oop=0}
                      ; - com.sun.javafx.application.PlatformImpl::lambda$runLater$11@31 (line 460)
  0x0000023dc019ec00: 0207 498b | 8768 0500 | 0049 c787 | 6805 0000 | 0000 0000 | 49c7 8770 | 0500 0000 | 0000 0048 
  0x0000023dc019ec20: 81c4 9000 

  0x0000023dc019ec24: ;   {runtime_call C1 Runtime unwind_exception_blob}
  0x0000023dc019ec24: 0000 5de9 | b482 0207 | f4f4 f4f4 
[Stub Code]
  0x0000023dc019ec30: ;   {other}
  0x0000023dc019ec30: 0f1f 4400 

  0x0000023dc019ec34: ;   {static_stub}
  0x0000023dc019ec34: 0048 bb00 | 0000 0000 

  0x0000023dc019ec3c: ;   {runtime_call nmethod}
  0x0000023dc019ec3c: 0000 00e9 | fbff ffff 

  0x0000023dc019ec44: ;   {static_stub}
  0x0000023dc019ec44: 48bb 0000 | 0000 0000 

  0x0000023dc019ec4c: ;   {runtime_call nmethod}
  0x0000023dc019ec4c: 0000 e9fb 

  0x0000023dc019ec50: ;   {static_stub}
  0x0000023dc019ec50: ffff ff48 | bb78 ed46 | 1a00 0000 

  0x0000023dc019ec5c: ;   {runtime_call I2C/C2I adapters}
  0x0000023dc019ec5c: 00e9 5044 

  0x0000023dc019ec60: ;   {static_stub}
  0x0000023dc019ec60: f506 48bb | 0000 0000 | 0000 0000 

  0x0000023dc019ec6c: ;   {runtime_call nmethod}
  0x0000023dc019ec6c: e9fb ffff 

  0x0000023dc019ec70: ;   {runtime_call C1 Runtime handle_exception_from_callee_blob}
  0x0000023dc019ec70: ffe8 eac0 

  0x0000023dc019ec74: ;   {external_word}
  0x0000023dc019ec74: 0207 48b9 | 2872 5bfb | ff7f 0000 | 4883 e4f0 

  0x0000023dc019ec84: ;   {runtime_call}
  0x0000023dc019ec84: 48b8 40e4 | 1cfb ff7f | 0000 ffd0 

  0x0000023dc019ec90: ;   {runtime_call DeoptimizationBlob}
  0x0000023dc019ec90: f4e8 4a20 | f506 ebf9 
[/MachCode]


---------------  P R O C E S S  ---------------

Threads class SMR info:
_java_thread_list=0x0000023def200390, length=37, elements={
0x0000023db6ee7920, 0x0000023de1938890, 0x0000023de19392e0, 0x0000023de193c110,
0x0000023de193d660, 0x0000023de193e420, 0x0000023de194b2b0, 0x0000023de1957920,
0x0000023de1959540, 0x0000023de1947430, 0x0000023de19483d0, 0x0000023de1949370,
0x0000023de194ba80, 0x0000023de1946180, 0x0000023de193f420, 0x0000023de19432a0,
0x0000023def0e2270, 0x0000023def0e1aa0, 0x0000023def5292d0, 0x0000023def523510,
0x0000023def21d9e0, 0x0000023def0e7090, 0x0000023def527b60, 0x0000023def9d3910,
0x0000023def9d5080, 0x0000023def9d9ea0, 0x0000023def9d5850, 0x0000023defb24110,
0x0000023defb26ff0, 0x0000023defb28760, 0x0000023defb277c0, 0x0000023defb2a6a0,
0x0000023e346de3a0, 0x0000023e346dd400, 0x0000023def73afd0, 0x0000023def7388c0,
0x0000023e346e31c0
}

Java Threads: ( => current thread )
  0x0000023db6ee7920 JavaThread "main"                              [_thread_blocked, id=8064, stack(0x0000009a3fe00000,0x0000009a3ff00000) (1024K)]
  0x0000023de1938890 JavaThread "Reference Handler"          daemon [_thread_blocked, id=24864, stack(0x0000009a40700000,0x0000009a40800000) (1024K)]
  0x0000023de19392e0 JavaThread "Finalizer"                  daemon [_thread_blocked, id=20404, stack(0x0000009a40800000,0x0000009a40900000) (1024K)]
  0x0000023de193c110 JavaThread "Signal Dispatcher"          daemon [_thread_blocked, id=8336, stack(0x0000009a40900000,0x0000009a40a00000) (1024K)]
  0x0000023de193d660 JavaThread "Attach Listener"            daemon [_thread_blocked, id=17484, stack(0x0000009a40a00000,0x0000009a40b00000) (1024K)]
  0x0000023de193e420 JavaThread "Service Thread"             daemon [_thread_blocked, id=3056, stack(0x0000009a40b00000,0x0000009a40c00000) (1024K)]
  0x0000023de194b2b0 JavaThread "Monitor Deflation Thread"   daemon [_thread_blocked, id=18300, stack(0x0000009a40c00000,0x0000009a40d00000) (1024K)]
  0x0000023de1957920 JavaThread "C2 CompilerThread0"         daemon [_thread_blocked, id=19604, stack(0x0000009a40d00000,0x0000009a40e00000) (1024K)]
  0x0000023de1959540 JavaThread "C1 CompilerThread0"         daemon [_thread_blocked, id=12472, stack(0x0000009a40e00000,0x0000009a40f00000) (1024K)]
  0x0000023de1947430 JavaThread "Common-Cleaner"             daemon [_thread_blocked, id=13744, stack(0x0000009a40f00000,0x0000009a41000000) (1024K)]
  0x0000023de19483d0 JavaThread "Monitor Ctrl-Break"         daemon [_thread_in_native, id=388, stack(0x0000009a41200000,0x0000009a41300000) (1024K)]
  0x0000023de1949370 JavaThread "Notification Thread"        daemon [_thread_blocked, id=27008, stack(0x0000009a41300000,0x0000009a41400000) (1024K)]
  0x0000023de194ba80 JavaThread "JavaFX-Launcher"                   [_thread_blocked, id=22268, stack(0x0000009a41400000,0x0000009a41500000) (1024K)]
  0x0000023de1946180 JavaThread "QuantumRenderer-0"          daemon [_thread_blocked, id=18776, stack(0x0000009a41700000,0x0000009a41800000) (1024K)]
  0x0000023de193f420 JavaThread "InvokeLaterDispatcher"      daemon [_thread_blocked, id=28288, stack(0x0000009a41000000,0x0000009a41100000) (1024K)]
=>0x0000023de19432a0 JavaThread "JavaFX Application Thread"         [_thread_in_vm, id=27228, stack(0x0000009a41900000,0x0000009a41a00000) (1024K)]
  0x0000023def0e2270 JavaThread "Thread-2"                   daemon [_thread_in_native, id=26956, stack(0x0000009a41e00000,0x0000009a41f00000) (1024K)]
  0x0000023def0e1aa0 JavaThread "mysql-cj-abandoned-connection-cleanup" daemon [_thread_blocked, id=21868, stack(0x0000009a42100000,0x0000009a42200000) (1024K)]
  0x0000023def5292d0 JavaThread "Prism Font Disposer"        daemon [_thread_blocked, id=3800, stack(0x0000009a42800000,0x0000009a42900000) (1024K)]
  0x0000023def523510 JavaThread "InnocuousThread-1"          daemon [_thread_blocked, id=10016, stack(0x0000009a42900000,0x0000009a42a00000) (1024K)]
  0x0000023def21d9e0 JavaThread "Disposer"                   daemon [_thread_blocked, id=16188, stack(0x0000009a42000000,0x0000009a42100000) (1024K)]
  0x0000023def0e7090 JavaThread "idle-timeout-task"          daemon [_thread_blocked, id=464, stack(0x0000009a42a00000,0x0000009a42b00000) (1024K)]
  0x0000023def527b60 JavaThread "HTTP-Dispatcher"                   [_thread_in_native, id=9768, stack(0x0000009a42b00000,0x0000009a42c00000) (1024K)]
  0x0000023def9d3910 JavaThread "VirtualThread-unblocker"    daemon [_thread_blocked, id=1196, stack(0x0000009a42c00000,0x0000009a42d00000) (1024K)]
  0x0000023def9d5080 JavaThread "ForkJoinPool-1-worker-1"    daemon [_thread_in_native, id=18488, stack(0x0000009a42d00000,0x0000009a42e00000) (1024K)]
  0x0000023def9d9ea0 JavaThread "ForkJoinPool-1-worker-2"    daemon [_thread_in_native, id=26676, stack(0x0000009a42e00000,0x0000009a42f00000) (1024K)]
  0x0000023def9d5850 JavaThread "HttpClient-1-Worker-0"      daemon [_thread_blocked, id=15440, stack(0x0000009a42f00000,0x0000009a43000000) (1024K)]
  0x0000023defb24110 JavaThread "HttpClient-1-Worker-1"      daemon [_thread_blocked, id=20144, stack(0x0000009a43200000,0x0000009a43300000) (1024K)]
  0x0000023defb26ff0 JavaThread "HttpClient-1-Worker-2"      daemon [_thread_blocked, id=26440, stack(0x0000009a43300000,0x0000009a43400000) (1024K)]
  0x0000023defb28760 JavaThread "ForkJoinPool-1-worker-3"    daemon [_thread_blocked, id=18724, stack(0x0000009a43400000,0x0000009a43500000) (1024K)]
  0x0000023defb277c0 JavaThread "ForkJoinPool.commonPool-worker-1" daemon [_thread_blocked, id=26760, stack(0x0000009a43500000,0x0000009a43600000) (1024K)]
  0x0000023defb2a6a0 JavaThread "ForkJoinPool.commonPool-worker-2" daemon [_thread_blocked, id=25640, stack(0x0000009a43600000,0x0000009a43700000) (1024K)]
  0x0000023e346de3a0 JavaThread "Thread-5"                   daemon [_thread_in_native, id=7056, stack(0x0000009a43f00000,0x0000009a44000000) (1024K)]
  0x0000023e346dd400 JavaThread "ForkJoinPool-1-worker-4"    daemon [_thread_blocked, id=22104, stack(0x0000009a44000000,0x0000009a44100000) (1024K)]
  0x0000023def73afd0 JavaThread "Cleaner-0"                  daemon [_thread_blocked, id=21588, stack(0x0000009a44200000,0x0000009a44300000) (1024K)]
  0x0000023def7388c0 JavaThread "ForkJoinPool.commonPool-worker-3" daemon [_thread_blocked, id=24108, stack(0x0000009a44300000,0x0000009a44400000) (1024K)]
  0x0000023e346e31c0 JavaThread "ForkJoinPool.commonPool-worker-4" daemon [_thread_blocked, id=21548, stack(0x0000009a44900000,0x0000009a44a00000) (1024K)]
Total: 37

Other Threads:
  0x0000023de19281d0 VMThread "VM Thread"                           [id=23776, stack(0x0000009a40600000,0x0000009a40700000) (1024K)]
  0x0000023de1918b20 WatcherThread "VM Periodic Task Thread"        [id=3028, stack(0x0000009a40500000,0x0000009a40600000) (1024K)]
  0x0000023db6f766c0 WorkerThread "GC Thread#0"                     [id=15812, stack(0x0000009a3ff00000,0x0000009a40000000) (1024K)]
  0x0000023de262dc00 WorkerThread "GC Thread#1"                     [id=27728, stack(0x0000009a41100000,0x0000009a41200000) (1024K)]
  0x0000023de7743a00 WorkerThread "GC Thread#2"                     [id=2380, stack(0x0000009a41500000,0x0000009a41600000) (1024K)]
  0x0000023de7072120 WorkerThread "GC Thread#3"                     [id=27300, stack(0x0000009a41600000,0x0000009a41700000) (1024K)]
  0x0000023def070aa0 WorkerThread "GC Thread#4"                     [id=8016, stack(0x0000009a41c00000,0x0000009a41d00000) (1024K)]
  0x0000023def070ec0 WorkerThread "GC Thread#5"                     [id=2140, stack(0x0000009a41d00000,0x0000009a41e00000) (1024K)]
  0x0000023def520320 WorkerThread "GC Thread#6"                     [id=22120, stack(0x0000009a42300000,0x0000009a42400000) (1024K)]
  0x0000023def5218b0 WorkerThread "GC Thread#7"                     [id=26396, stack(0x0000009a42400000,0x0000009a42500000) (1024K)]
  0x0000023db6f897a0 ConcurrentGCThread "G1 Main Marker"            [id=28140, stack(0x0000009a40000000,0x0000009a40100000) (1024K)]
  0x0000023db6f8a320 WorkerThread "G1 Conc#0"                       [id=25732, stack(0x0000009a40100000,0x0000009a40200000) (1024K)]
  0x0000023def9965c0 WorkerThread "G1 Conc#1"                       [id=12428, stack(0x0000009a43000000,0x0000009a43100000) (1024K)]
  0x0000023de17e83e0 WorkerThread "G1 Refinement Workers#0"         [id=15660, stack(0x0000009a40300000,0x0000009a40400000) (1024K)]
  0x0000023db6f8e4c0 ConcurrentGCThread "G1 Refine Control"         [id=27536, stack(0x0000009a40200000,0x0000009a40300000) (1024K)]
  0x0000023de17e8f50 ConcurrentGCThread "G1 Service"                [id=15324, stack(0x0000009a40400000,0x0000009a40500000) (1024K)]
Total: 16

Threads with active compile tasks:
Total: 0

VM state: not at safepoint (normal execution)

VM Mutex/Monitor currently owned by a thread: None

Heap address: 0x0000000503800000, size: 12232 MB, Compressed Oops mode: Zero based, Oop shift amount: 3

CDS archive(s) mapped at: [0x000000001a000000-0x000000001ade0000-0x000000001ade0000), size 14548992, SharedBaseAddress: 0x000000001a000000, ArchiveRelocationMode: 1.
Compressed class space mapped at: 0x000000001b000000-0x000000005b000000, reserved size: 1073741824
UseCompressedClassPointers 1, UseCompactObjectHeaders 0
Narrow klass pointer bits 32, Max shift 3
Narrow klass base: 0x000000001a000000, Narrow klass shift: 0
Encoding Range: [0x000000001a000000 - 0x000000011a000000), (4294967296 bytes)
Klass Range:    [0x000000001a000000 - 0x000000005b000000), (1090519040 bytes)
Klass ID Range:  [8 - 1090519033) (1090519025)
Protection zone: [0x000000001a000000 - 0x000000001a010000), (65536 bytes)

GC Precious Log:
 CardTable entry size: 512
 Card Set container configuration: InlinePtr #cards 4 size 8 Array Of Cards #cards 64 size 144 Howl #buckets 8 coarsen threshold 14745 Howl Bitmap #cards 2048 size 272 coarsen threshold 1843 Card regions per heap region 1 cards per card region 16384
 CPUs: 8 total, 8 available
 Memory: 48897M
 Large Page Support: Disabled
 NUMA Support: Disabled
 Compressed Oops: Enabled (Zero based)
 Heap Region Size: 8M
 Heap Min Capacity: 8M
 Heap Initial Capacity: 8M
 Heap Max Capacity: 12232M
 Pre-touch: Disabled
 Parallel Workers: 8
 Concurrent Workers: 2
 Concurrent Refinement Workers: 8
 Periodic GC: Disabled

Heap:
 garbage-first heap   total reserved 12525568K, committed 65536K, used 24954K [0x0000000503800000, 0x0000000800000000)
  region size 8M, 1 eden (8M), 1 survivor (8M), 3 old (24M), 0 humongous (0M), 3 free (24M)

Heap Regions: E=young(eden), S=young(survivor), O=old, HS=humongous(starts), HC=humongous(continues), CS=collection set, F=free, TAMS=top-at-mark-start, PB=parsable bottom
|    0|0x0000000503800000, 0x0000000503c21ad8, 0x0000000504000000| 51%| O|  |TAMS 0x0000000503800000| PB 0x0000000503800000| Untracked |  0
|    1|0x0000000504000000, 0x0000000504000000, 0x0000000504800000|  0%| F|  |TAMS 0x0000000504000000| PB 0x0000000504000000| Untracked |  0
|    2|0x0000000504800000, 0x0000000504c3ceb0, 0x0000000505000000| 52%| S|CS|TAMS 0x0000000504800000| PB 0x0000000504800000| Complete  |  3
|    3|0x0000000505000000, 0x0000000505000000, 0x0000000505800000|  0%| F|  |TAMS 0x0000000505000000| PB 0x0000000505000000| Untracked |  0
|    4|0x0000000505800000, 0x0000000505800000, 0x0000000506000000|  0%| F|  |TAMS 0x0000000505800000| PB 0x0000000505800000| Untracked |  0
| 1526|0x00000007fe800000, 0x00000007ff000000, 0x00000007ff000000|100%| O|  |TAMS 0x00000007fe800000| PB 0x00000007fe800000| Untracked |  0
| 1527|0x00000007ff000000, 0x00000007ff800000, 0x00000007ff800000|100%| O|  |TAMS 0x00000007ff000000| PB 0x00000007ff000000| Untracked |  0
| 1528|0x00000007ff800000, 0x00000007ff945c78, 0x0000000800000000| 15%| E|CS|TAMS 0x00000007ff800000| PB 0x00000007ff800000| Complete  |  0

Card table byte_map: [0x0000023dd1f90000,0x0000023dd3780000] _byte_map_base: 0x0000023dcf774000
Refinement table byte_map: [0x0000023dd07a0000,0x0000023dd1f90000] _byte_map_base: 0x0000023dcdf84000

Marking Bits: (CMBitMap*) 0x0000023db6f76e40
 Bits: [0x0000023dd3780000, 0x0000023ddf6a0000)

Polling page: 0x0000023db4ce0000

Metaspace:
Metaspace        used 31466K, committed 31808K, reserved 1114112K
 class space     used 4315K, committed 4480K, reserved 1048576K

Usage:
  Non-class:     26.52 MB used.
      Class:      4.21 MB used.
       Both:     30.73 MB used.

Virtual space:
  Non-class space:       64.00 MB reserved,      26.69 MB ( 42%) committed,  1 nodes.
      Class space:        1.00 GB reserved,       4.38 MB ( <1%) committed,  1 nodes.
             Both:        1.06 GB reserved,      31.06 MB (  3%) committed. 

Chunk freelists:
   Non-Class:  5.33 MB
       Class:  11.58 MB
        Both:  16.90 MB

MaxMetaspaceSize: unlimited
CompressedClassSpaceSize: 1.00 GB
Initial GC threshold: 21.00 MB
Current GC threshold: 35.56 MB
CDS: on
 - commit_granule_bytes: 65536.
 - commit_granule_words: 8192.
 - virtual_space_node_default_size: 8388608.
 - enlarge_chunks_in_place: 1.
UseCompressedClassPointers 1, UseCompactObjectHeaders 0
Narrow klass pointer bits 32, Max shift 3
Narrow klass base: 0x000000001a000000, Narrow klass shift: 0
Encoding Range: [0x000000001a000000 - 0x000000011a000000), (4294967296 bytes)
Klass Range:    [0x000000001a000000 - 0x000000005b000000), (1090519040 bytes)
Klass ID Range:  [8 - 1090519033) (1090519025)
Protection zone: [0x000000001a000000 - 0x000000001a010000), (65536 bytes)


Internal statistics:

num_allocs_failed_limit: 3.
num_arena_births: 334.
num_arena_deaths: 0.
num_vsnodes_births: 2.
num_vsnodes_deaths: 0.
num_space_committed: 497.
num_space_uncommitted: 0.
num_chunks_returned_to_freelist: 3.
num_chunks_taken_from_freelist: 1294.
num_chunk_merges: 3.
num_chunk_splits: 832.
num_chunks_enlarged: 603.
num_inconsistent_stats: 0.

CodeHeap 'non-profiled nmethods': size=120064Kb used=2082Kb max_used=2082Kb free=117981Kb
 bounds [0x0000023dc7630000, 0x0000023dc78a0000, 0x0000023dceb70000]
CodeHeap 'profiled nmethods': size=120000Kb used=8750Kb max_used=8750Kb free=111249Kb
 bounds [0x0000023dbfb70000, 0x0000023dc0400000, 0x0000023dc70a0000]
CodeHeap 'non-nmethods': size=5696Kb used=2163Kb max_used=2252Kb free=3532Kb
 bounds [0x0000023dc70a0000, 0x0000023dc7310000, 0x0000023dc7630000]
CodeCache: size=245760Kb, used=12995Kb, max_used=13084Kb, free=232762Kb
 total_blobs=6527, nmethods=5505, adapters=924, full_count=0
Compilation: enabled, stopped_count=0, restarted_count=0

Compilation events (20 events):
Event: 15.149 Thread 0x0000023de1959540 nmethod 5495 0x0000023dc03e9a88 code [0x0000023dc03e9b80, 0x0000023dc03e9d78]
Event: 15.149 Thread 0x0000023de1959540 5496       3       jdk.internal.net.http.HttpClientImpl$SelectorManager$$Lambda/0x000000001b2f2410::accept (14 bytes)
Event: 15.149 Thread 0x0000023de1959540 nmethod 5496 0x0000023dc03e9d88 code [0x0000023dc03e9e80, 0x0000023dc03ea118]
Event: 15.149 Thread 0x0000023de1959540 5497       3       jdk.internal.net.http.HttpClientImpl$SelectorManager$$Lambda/0x000000001b2f2ae0::<init> (15 bytes)
Event: 15.149 Thread 0x0000023de1959540 nmethod 5497 0x0000023dc03ea188 code [0x0000023dc03ea280, 0x0000023dc03ea438]
Event: 15.149 Thread 0x0000023de1959540 5498       3       sun.nio.ch.SocketChannelImpl::translateAndUpdateReadyOps (11 bytes)
Event: 15.149 Thread 0x0000023de1959540 nmethod 5498 0x0000023dc03ea488 code [0x0000023dc03ea580, 0x0000023dc03ea770]
Event: 15.151 Thread 0x0000023de1959540 5499       3       com.sun.crypto.provider.GHASH::update (9 bytes)
Event: 15.151 Thread 0x0000023de1959540 nmethod 5499 0x0000023dc03ea788 code [0x0000023dc03ea880, 0x0000023dc03eaa38]
Event: 15.151 Thread 0x0000023de1959540 5500       3       jdk.internal.net.http.HttpClientImpl$SelectorManager$$Lambda/0x000000001b2f2d10::<init> (15 bytes)
Event: 15.152 Thread 0x0000023de1959540 nmethod 5500 0x0000023dc03eaa88 code [0x0000023dc03eab80, 0x0000023dc03ead90]
Event: 15.152 Thread 0x0000023de1959540 5501       3       jdk.internal.net.http.HttpClientImpl$SelectorManager$$Lambda/0x000000001b2f3390::<init> (10 bytes)
Event: 15.152 Thread 0x0000023de1959540 nmethod 5501 0x0000023dc03eae08 code [0x0000023dc03eaf00, 0x0000023dc03eb0b0]
Event: 15.155 Thread 0x0000023de1959540 5502       3       com.sun.javafx.font.CharToGlyphMapper::charsToGlyphs (10 bytes)
Event: 15.155 Thread 0x0000023de1959540 nmethod 5502 0x0000023dc03eb108 code [0x0000023dc03eb200, 0x0000023dc03eb3d8]
Event: 15.156 Thread 0x0000023de1959540 5503   !   3       jdk.internal.net.http.SocketTube$SocketFlowTask::run (88 bytes)
Event: 15.157 Thread 0x0000023de1959540 nmethod 5503 0x0000023dc03eb408 code [0x0000023dc03eb500, 0x0000023dc03ebb00]
Event: 15.157 Thread 0x0000023de1959540 5504       3       jdk.internal.net.http.SocketTube$InternalReadPublisher$InternalReadSubscription$$Lambda/0x000000001b2e3b18::run (8 bytes)
Event: 15.157 Thread 0x0000023de1959540 nmethod 5504 0x0000023dc03ebb88 code [0x0000023dc03ebc80, 0x0000023dc03ebe38]
Event: 15.157 Thread 0x0000023de1959540 5505   !   3       jdk.internal.net.http.SocketTube$InternalReadPublisher$InternalReadSubscription::read (1640 bytes)

GC Heap Usage History (20 events):
Event: 1.190 {heap Before GC invocations=3 (full 0):
 garbage-first heap   total reserved 12525568K, committed 40960K, used 19113K [0x0000000503800000, 0x0000000800000000)
  region size 8M, 1 eden (8M), 1 survivor (8M), 2 old (16M), 0 humongous (0M), 1 free (8M)
}
Event: 1.192 {heap After GC invocations=4 (full 0):
 garbage-first heap   total reserved 12525568K, committed 40960K, used 12273K [0x0000000503800000, 0x0000000800000000)
  region size 8M, 0 eden (0M), 1 survivor (8M), 2 old (16M), 0 humongous (0M), 2 free (16M)
}
Event: 1.313 {heap Before GC invocations=4 (full 0):
 garbage-first heap   total reserved 12525568K, committed 40960K, used 20465K [0x0000000503800000, 0x0000000800000000)
  region size 8M, 1 eden (8M), 1 survivor (8M), 2 old (16M), 0 humongous (0M), 1 free (8M)
}
Event: 1.316 {heap After GC invocations=5 (full 0):
 garbage-first heap   total reserved 12525568K, committed 49152K, used 13621K [0x0000000503800000, 0x0000000800000000)
  region size 8M, 0 eden (0M), 1 survivor (8M), 3 old (24M), 0 humongous (0M), 2 free (16M)
}
Event: 1.394 {heap Before GC invocations=5 (full 0):
 garbage-first heap   total reserved 12525568K, committed 49152K, used 21813K [0x0000000503800000, 0x0000000800000000)
  region size 8M, 1 eden (8M), 1 survivor (8M), 3 old (24M), 0 humongous (0M), 1 free (8M)
}
Event: 1.396 {heap After GC invocations=6 (full 0):
 garbage-first heap   total reserved 12525568K, committed 49152K, used 14068K [0x0000000503800000, 0x0000000800000000)
  region size 8M, 0 eden (0M), 1 survivor (8M), 3 old (24M), 0 humongous (0M), 2 free (16M)
}
Event: 1.515 {heap Before GC invocations=6 (full 0):
 garbage-first heap   total reserved 12525568K, committed 49152K, used 22260K [0x0000000503800000, 0x0000000800000000)
  region size 8M, 1 eden (8M), 1 survivor (8M), 3 old (24M), 0 humongous (0M), 1 free (8M)
}
Event: 1.518 {heap After GC invocations=7 (full 0):
 garbage-first heap   total reserved 12525568K, committed 65536K, used 16500K [0x0000000503800000, 0x0000000800000000)
  region size 8M, 0 eden (0M), 1 survivor (8M), 3 old (24M), 0 humongous (0M), 4 free (32M)
}
Event: 2.767 {heap Before GC invocations=7 (full 0):
 garbage-first heap   total reserved 12525568K, committed 65536K, used 32884K [0x0000000503800000, 0x0000000800000000)
  region size 8M, 2 eden (16M), 1 survivor (8M), 3 old (24M), 0 humongous (0M), 2 free (16M)
}
Event: 2.770 {heap After GC invocations=8 (full 0):
 garbage-first heap   total reserved 12525568K, committed 65536K, used 18909K [0x0000000503800000, 0x0000000800000000)
  region size 8M, 0 eden (0M), 1 survivor (8M), 3 old (24M), 0 humongous (0M), 4 free (32M)
}
Event: 2.807 {heap Before GC invocations=8 (full 0):
 garbage-first heap   total reserved 12525568K, committed 65536K, used 18909K [0x0000000503800000, 0x0000000800000000)
  region size 8M, 1 eden (8M), 1 survivor (8M), 3 old (24M), 0 humongous (0M), 3 free (24M)
}
Event: 2.811 {heap After GC invocations=9 (full 0):
 garbage-first heap   total reserved 12525568K, committed 65536K, used 19428K [0x0000000503800000, 0x0000000800000000)
  region size 8M, 0 eden (0M), 1 survivor (8M), 3 old (24M), 0 humongous (0M), 4 free (32M)
}
Event: 2.986 {heap Before GC invocations=10 (full 0):
 garbage-first heap   total reserved 12525568K, committed 65536K, used 35812K [0x0000000503800000, 0x0000000800000000)
  region size 8M, 2 eden (16M), 1 survivor (8M), 3 old (24M), 0 humongous (0M), 2 free (16M)
}
Event: 2.989 {heap After GC invocations=11 (full 0):
 garbage-first heap   total reserved 12525568K, committed 65536K, used 21087K [0x0000000503800000, 0x0000000800000000)
  region size 8M, 0 eden (0M), 1 survivor (8M), 3 old (24M), 0 humongous (0M), 4 free (32M)
}
Event: 3.437 {heap Before GC invocations=11 (full 0):
 garbage-first heap   total reserved 12525568K, committed 65536K, used 29279K [0x0000000503800000, 0x0000000800000000)
  region size 8M, 2 eden (16M), 1 survivor (8M), 3 old (24M), 0 humongous (0M), 2 free (16M)
}
Event: 3.441 {heap After GC invocations=12 (full 0):
 garbage-first heap   total reserved 12525568K, committed 65536K, used 22527K [0x0000000503800000, 0x0000000800000000)
  region size 8M, 0 eden (0M), 1 survivor (8M), 3 old (24M), 0 humongous (0M), 4 free (32M)
}
Event: 8.821 {heap Before GC invocations=12 (full 0):
 garbage-first heap   total reserved 12525568K, committed 65536K, used 38911K [0x0000000503800000, 0x0000000800000000)
  region size 8M, 2 eden (16M), 1 survivor (8M), 3 old (24M), 0 humongous (0M), 2 free (16M)
}
Event: 8.824 {heap After GC invocations=13 (full 0):
 garbage-first heap   total reserved 12525568K, committed 65536K, used 24522K [0x0000000503800000, 0x0000000800000000)
  region size 8M, 0 eden (0M), 1 survivor (8M), 3 old (24M), 0 humongous (0M), 4 free (32M)
}
Event: 15.104 {heap Before GC invocations=13 (full 0):
 garbage-first heap   total reserved 12525568K, committed 65536K, used 40906K [0x0000000503800000, 0x0000000800000000)
  region size 8M, 2 eden (16M), 1 survivor (8M), 3 old (24M), 0 humongous (0M), 2 free (16M)
}
Event: 15.106 {heap After GC invocations=14 (full 0):
 garbage-first heap   total reserved 12525568K, committed 65536K, used 24954K [0x0000000503800000, 0x0000000800000000)
  region size 8M, 0 eden (0M), 1 survivor (8M), 3 old (24M), 0 humongous (0M), 4 free (32M)
}

Metaspace Usage History (20 events):
Event: 1.190 {metaspace Before GC invocations=3 (full 0):
 Metaspace       used 7122K, committed 7296K, reserved 1114112K
  class space    used 909K, committed 1024K, reserved 1048576K
}
Event: 1.192 {metaspace After GC invocations=4 (full 0):
 Metaspace       used 7122K, committed 7296K, reserved 1114112K
  class space    used 909K, committed 1024K, reserved 1048576K
}
Event: 1.313 {metaspace Before GC invocations=4 (full 0):
 Metaspace       used 9147K, committed 9280K, reserved 1114112K
  class space    used 1220K, committed 1280K, reserved 1048576K
}
Event: 1.316 {metaspace After GC invocations=5 (full 0):
 Metaspace       used 9147K, committed 9280K, reserved 1114112K
  class space    used 1220K, committed 1280K, reserved 1048576K
}
Event: 1.394 {metaspace Before GC invocations=5 (full 0):
 Metaspace       used 11791K, committed 11904K, reserved 1114112K
  class space    used 1572K, committed 1600K, reserved 1048576K
}
Event: 1.396 {metaspace After GC invocations=6 (full 0):
 Metaspace       used 11791K, committed 11904K, reserved 1114112K
  class space    used 1572K, committed 1600K, reserved 1048576K
}
Event: 1.515 {metaspace Before GC invocations=6 (full 0):
 Metaspace       used 13401K, committed 13632K, reserved 1114112K
  class space    used 1780K, committed 1856K, reserved 1048576K
}
Event: 1.518 {metaspace After GC invocations=7 (full 0):
 Metaspace       used 13401K, committed 13632K, reserved 1114112K
  class space    used 1780K, committed 1856K, reserved 1048576K
}
Event: 2.767 {metaspace Before GC invocations=7 (full 0):
 Metaspace       used 19810K, committed 20032K, reserved 1114112K
  class space    used 2586K, committed 2688K, reserved 1048576K
}
Event: 2.770 {metaspace After GC invocations=8 (full 0):
 Metaspace       used 19810K, committed 20032K, reserved 1114112K
  class space    used 2586K, committed 2688K, reserved 1048576K
}
Event: 2.807 {metaspace Before GC invocations=8 (full 0):
 Metaspace       used 21265K, committed 21504K, reserved 1114112K
  class space    used 2766K, committed 2880K, reserved 1048576K
}
Event: 2.811 {metaspace After GC invocations=9 (full 0):
 Metaspace       used 21265K, committed 21504K, reserved 1114112K
  class space    used 2766K, committed 2880K, reserved 1048576K
}
Event: 2.986 {metaspace Before GC invocations=10 (full 0):
 Metaspace       used 24310K, committed 24576K, reserved 1114112K
  class space    used 3323K, committed 3456K, reserved 1048576K
}
Event: 2.989 {metaspace After GC invocations=11 (full 0):
 Metaspace       used 24310K, committed 24576K, reserved 1114112K
  class space    used 3323K, committed 3456K, reserved 1048576K
}
Event: 3.437 {metaspace Before GC invocations=11 (full 0):
 Metaspace       used 29205K, committed 29504K, reserved 1114112K
  class space    used 4158K, committed 4288K, reserved 1048576K
}
Event: 3.441 {metaspace After GC invocations=12 (full 0):
 Metaspace       used 29205K, committed 29504K, reserved 1114112K
  class space    used 4158K, committed 4288K, reserved 1048576K
}
Event: 8.821 {metaspace Before GC invocations=12 (full 0):
 Metaspace       used 30718K, committed 31104K, reserved 1114112K
  class space    used 4267K, committed 4480K, reserved 1048576K
}
Event: 8.824 {metaspace After GC invocations=13 (full 0):
 Metaspace       used 30718K, committed 31104K, reserved 1114112K
  class space    used 4267K, committed 4480K, reserved 1048576K
}
Event: 15.104 {metaspace Before GC invocations=13 (full 0):
 Metaspace       used 31365K, committed 31744K, reserved 1114112K
  class space    used 4302K, committed 4480K, reserved 1048576K
}
Event: 15.106 {metaspace After GC invocations=14 (full 0):
 Metaspace       used 31365K, committed 31744K, reserved 1114112K
  class space    used 4302K, committed 4480K, reserved 1048576K
}

Dll operation events (20 events):
Event: 0.573 Attempting to load shared library C:\Users\lolaa\.openjfx\cache\20.0.2+3\amd64\vcruntime140.dll
Event: 0.574 Loaded shared library C:\Users\lolaa\.openjfx\cache\20.0.2+3\amd64\vcruntime140.dll
Event: 0.576 Attempting to load shared library C:\Users\lolaa\.openjfx\cache\20.0.2+3\amd64\vcruntime140_1.dll
Event: 0.577 Loaded shared library C:\Users\lolaa\.openjfx\cache\20.0.2+3\amd64\vcruntime140_1.dll
Event: 0.585 Attempting to load shared library C:\Users\lolaa\.openjfx\cache\20.0.2+3\amd64\msvcp140.dll
Event: 0.585 Loaded shared library C:\Users\lolaa\.openjfx\cache\20.0.2+3\amd64\msvcp140.dll
Event: 0.587 Attempting to load shared library C:\Users\lolaa\.openjfx\cache\20.0.2+3\amd64\msvcp140_1.dll
Event: 0.588 Loaded shared library C:\Users\lolaa\.openjfx\cache\20.0.2+3\amd64\msvcp140_1.dll
Event: 0.591 Attempting to load shared library C:\Users\lolaa\.openjfx\cache\20.0.2+3\amd64\msvcp140_2.dll
Event: 0.591 Loaded shared library C:\Users\lolaa\.openjfx\cache\20.0.2+3\amd64\msvcp140_2.dll
Event: 0.622 Attempting to load shared library C:\Users\lolaa\.openjfx\cache\20.0.2+3\amd64\prism_d3d.dll
Event: 0.624 Loaded shared library C:\Users\lolaa\.openjfx\cache\20.0.2+3\amd64\prism_d3d.dll
Event: 0.757 Attempting to load shared library C:\Users\lolaa\.openjfx\cache\20.0.2+3\amd64\glass.dll
Event: 0.758 Loaded shared library C:\Users\lolaa\.openjfx\cache\20.0.2+3\amd64\glass.dll
Event: 1.160 Attempting to load shared library C:\Users\lolaa\.openjfx\cache\20.0.2+3\amd64\javafx_font.dll
Event: 1.161 Loaded shared library C:\Users\lolaa\.openjfx\cache\20.0.2+3\amd64\javafx_font.dll
Event: 2.564 Attempting to load shared library C:\Users\lolaa\.openjfx\cache\20.0.2+3\amd64\jfxwebkit.dll
Event: 2.565 Loaded shared library C:\Users\lolaa\.openjfx\cache\20.0.2+3\amd64\jfxwebkit.dll
Event: 2.623 Attempting to load shared library C:\Users\lolaa\.jdks\openjdk-26\bin\sunmscapi.dll
Event: 2.624 Loaded shared library C:\Users\lolaa\.jdks\openjdk-26\bin\sunmscapi.dll

Deoptimization events (20 events):
Event: 14.684 Thread 0x0000023de1946180 Uncommon trap: trap_request=0xffffff45 fr.pc=0x0000023dc782f8bc relative=0x00000000000000bc
Event: 14.684 Thread 0x0000023de1946180 Uncommon trap: reason=unstable_if action=reinterpret pc=0x0000023dc782f8bc method=java.lang.Math.round(D)J @ 48 c2
Event: 14.684 Thread 0x0000023de1946180 DEOPT PACKING pc=0x0000023dc782f8bc sp=0x0000009a417fd0a0
Event: 14.684 Thread 0x0000023de1946180 DEOPT UNPACKING pc=0x0000023dc71d1e02 sp=0x0000009a417fcff0 mode 2
Event: 14.839 Thread 0x0000023e346dd400 DEOPT PACKING pc=0x0000023dc0370aef sp=0x0000009a440ff600
Event: 14.839 Thread 0x0000023e346dd400 DEOPT UNPACKING pc=0x0000023dc70f15a2 sp=0x0000009a440fea90 mode 0
Event: 15.082 Thread 0x0000023de1946180 DEOPT PACKING pc=0x0000023dc03955b3 sp=0x0000009a417fe230
Event: 15.082 Thread 0x0000023de1946180 DEOPT UNPACKING pc=0x0000023dc70f15a2 sp=0x0000009a417fd720 mode 0
Event: 15.084 Thread 0x0000023de1946180 DEOPT PACKING pc=0x0000023dc03955b3 sp=0x0000009a417fe230
Event: 15.084 Thread 0x0000023de1946180 DEOPT UNPACKING pc=0x0000023dc70f15a2 sp=0x0000009a417fd720 mode 0
Event: 15.131 Thread 0x0000023de1946180 DEOPT PACKING pc=0x0000023dc03955b3 sp=0x0000009a417fe230
Event: 15.131 Thread 0x0000023de1946180 DEOPT UNPACKING pc=0x0000023dc70f15a2 sp=0x0000009a417fd720 mode 0
Event: 15.131 Thread 0x0000023de1946180 DEOPT PACKING pc=0x0000023dc03955b3 sp=0x0000009a417fe230
Event: 15.131 Thread 0x0000023de1946180 DEOPT UNPACKING pc=0x0000023dc70f15a2 sp=0x0000009a417fd720 mode 0
Event: 15.146 Thread 0x0000023de1946180 DEOPT PACKING pc=0x0000023dc03a5a36 sp=0x0000009a417fe2c0
Event: 15.146 Thread 0x0000023de1946180 DEOPT UNPACKING pc=0x0000023dc70f15a2 sp=0x0000009a417fd6c8 mode 0
Event: 15.158 Thread 0x0000023de19432a0 Uncommon trap: trap_request=0xffffff95 fr.pc=0x0000023dc779f94c relative=0x000000000000a44c
Event: 15.158 Thread 0x0000023de19432a0 Uncommon trap: reason=unreached action=reinterpret pc=0x0000023dc779f94c method=jdk.internal.loader.BuiltinClassLoader.loadClassOrNull(Ljava/lang/String;Z)Ljava/lang/Class; @ 136 c2
Event: 15.158 Thread 0x0000023de19432a0 DEOPT PACKING pc=0x0000023dc779f94c sp=0x0000009a419fde40
Event: 15.158 Thread 0x0000023de19432a0 DEOPT UNPACKING pc=0x0000023dc71d1e02 sp=0x0000009a419fde70 mode 2

Classes loaded (20 events):
Event: 7.745 Loading class java/util/stream/SliceOps
Event: 7.745 Loading class java/util/stream/SliceOps done
Event: 7.746 Loading class java/util/stream/SliceOps$1
Event: 7.746 Loading class java/util/stream/SliceOps$1 done
Event: 7.746 Loading class java/util/stream/SliceOps$1$1
Event: 7.746 Loading class java/util/stream/SliceOps$1$1 done
Event: 7.746 Loading class java/util/stream/WhileOps$1Op$1OpSink
Event: 7.746 Loading class java/util/stream/WhileOps$DropWhileSink
Event: 7.746 Loading class java/util/stream/WhileOps$DropWhileSink done
Event: 7.746 Loading class java/util/stream/WhileOps$1Op$1OpSink done
Event: 8.780 Loading class java/lang/foreign/MemorySegment
Event: 8.780 Loading class java/lang/foreign/MemorySegment done
Event: 14.306 Loading class java/util/zip/DataFormatException
Event: 14.306 Loading class java/util/zip/DataFormatException done
Event: 15.117 Loading class java/nio/file/TempFileHelper
Event: 15.117 Loading class java/nio/file/TempFileHelper done
Event: 15.117 Loading class sun/nio/fs/WindowsPath$1
Event: 15.117 Loading class sun/nio/fs/WindowsPath$1 done
Event: 15.117 Loading class sun/nio/fs/WindowsChannelFactory$2
Event: 15.117 Loading class sun/nio/fs/WindowsChannelFactory$2 done

Classes unloaded (0 events):
No events

Classes redefined (0 events):
No events

Internal exceptions (20 events):
Event: 3.094 Thread 0x0000023e346de3a0 Exception <a 'sun/nio/fs/WindowsException'{0x0000000505c8d280}> (0x0000000505c8d280) 
thrown [s\open\src\hotspot\share\prims\jni.cpp, line 514]
Event: 3.096 Thread 0x0000023de19432a0 Exception <a 'java/lang/NoSuchMethodError'{0x0000000505c73020}: 'java.lang.Object java.lang.invoke.DelegatingMethodHandle$Holder.reinvoke_L(java.lang.Object, java.lang.Object, long, int, int, java.lang.Object, double, int)'> (0x0000000505c73020) 
thrown [s\open\src\hotspot\share\interpreter\linkResolver.cpp, line 804]
Event: 3.111 Thread 0x0000023de19432a0 Exception <a 'java/lang/ClassCastException'{0x0000000505d13ea8}: class java.lang.Double cannot be cast to class javafx.css.Size (java.lang.Double is in module java.base of loader 'bootstrap'; javafx.css.Size is in unnamed module of loader 'app')> (0x0000000505d13ea8) 
thrown [s\open\src\hotspot\share\interpreter\interpreterRuntime.cpp, line 436]
Event: 3.112 Thread 0x0000023de19432a0 Exception <a 'java/lang/ClassCastException'{0x0000000505d23768}: class java.lang.Double cannot be cast to class javafx.css.Size (java.lang.Double is in module java.base of loader 'bootstrap'; javafx.css.Size is in unnamed module of loader 'app')> (0x0000000505d23768) 
thrown [s\open\src\hotspot\share\interpreter\interpreterRuntime.cpp, line 436]
Event: 3.361 Thread 0x0000023def9d5850 Exception <a 'java/lang/NoSuchMethodError'{0x00000005051a8ef8}: 'void java.lang.invoke.DirectMethodHandle$Holder.invokeInterface(java.lang.Object, java.lang.Object)'> (0x00000005051a8ef8) 
thrown [s\open\src\hotspot\share\interpreter\linkResolver.cpp, line 804]
Event: 3.364 Thread 0x0000023def9d5850 Exception <a 'java/lang/NoSuchMethodError'{0x00000005051d3ee0}: 'java.lang.Object java.lang.invoke.Invokers$Holder.invoke_MT(java.lang.Object, java.lang.Object, java.lang.Object, java.lang.Object, java.lang.Object, java.lang.Object)'> (0x00000005051d3ee0) 
thrown [s\open\src\hotspot\share\interpreter\linkResolver.cpp, line 804]
Event: 3.364 Thread 0x0000023def9d5850 Exception <a 'java/lang/NoSuchMethodError'{0x00000005051dcb30}: 'java.lang.Object java.lang.invoke.DirectMethodHandle$Holder.invokeStatic(java.lang.Object, java.lang.Object, int)'> (0x00000005051dcb30) 
thrown [s\open\src\hotspot\share\interpreter\linkResolver.cpp, line 804]
Event: 3.366 Thread 0x0000023def9d5850 Exception <a 'java/lang/NoSuchMethodError'{0x00000005051ee1a0}: 'void java.lang.invoke.DirectMethodHandle$Holder.invokeStatic(java.lang.Object, java.lang.Object, int, java.lang.Object)'> (0x00000005051ee1a0) 
thrown [s\open\src\hotspot\share\interpreter\linkResolver.cpp, line 804]
Event: 3.366 Thread 0x0000023def9d5850 Exception <a 'java/lang/NoSuchMethodError'{0x00000005051fe468}: 'void java.lang.invoke.DelegatingMethodHandle$Holder.delegate(java.lang.Object, java.lang.Object, int, java.lang.Object)'> (0x00000005051fe468) 
thrown [s\open\src\hotspot\share\interpreter\linkResolver.cpp, line 804]
Event: 8.669 Thread 0x0000023e346de3a0 Exception <a 'sun/nio/fs/WindowsException'{0x0000000505e73370}> (0x0000000505e73370) 
thrown [s\open\src\hotspot\share\prims\jni.cpp, line 514]
Event: 14.232 Thread 0x0000023de19432a0 Exception <a 'java/io/FileNotFoundException'{0x00000005058cdf70}> (0x00000005058cdf70) 
thrown [s\open\src\hotspot\share\prims\jni.cpp, line 514]
Event: 14.232 Thread 0x0000023de19432a0 Exception <a 'java/io/FileNotFoundException'{0x00000005058ced90}> (0x00000005058ced90) 
thrown [s\open\src\hotspot\share\prims\jni.cpp, line 514]
Event: 14.232 Thread 0x0000023de19432a0 Exception <a 'java/io/FileNotFoundException'{0x00000005058cfbc8}> (0x00000005058cfbc8) 
thrown [s\open\src\hotspot\share\prims\jni.cpp, line 514]
Event: 14.232 Thread 0x0000023de19432a0 Exception <a 'java/io/FileNotFoundException'{0x00000005058d09e0}> (0x00000005058d09e0) 
thrown [s\open\src\hotspot\share\prims\jni.cpp, line 514]
Event: 14.232 Thread 0x0000023de19432a0 Exception <a 'java/io/FileNotFoundException'{0x00000005058d1ce8}> (0x00000005058d1ce8) 
thrown [s\open\src\hotspot\share\prims\jni.cpp, line 514]
Event: 14.232 Thread 0x0000023de19432a0 Exception <a 'java/io/FileNotFoundException'{0x00000005058d2c08}> (0x00000005058d2c08) 
thrown [s\open\src\hotspot\share\prims\jni.cpp, line 514]
Event: 14.232 Thread 0x0000023de19432a0 Exception <a 'java/io/FileNotFoundException'{0x00000005058d3ae8}> (0x00000005058d3ae8) 
thrown [s\open\src\hotspot\share\prims\jni.cpp, line 514]
Event: 14.262 Thread 0x0000023de19432a0 Exception <a 'java/lang/ClassNotFoundException'{0x0000000505a9ed18}: sun/net/www/protocol/about/Handler> (0x0000000505a9ed18) 
thrown [s\open\src\hotspot\share\classfile\systemDictionary.cpp, line 329]
Event: 15.156 Thread 0x0000023de19432a0 Exception <a 'java/lang/NoSuchMethodError'{0x00000007ff92c028}: 'void java.lang.invoke.DirectMethodHandle$Holder.invokeSpecial(java.lang.Object, java.lang.Object, int)'> (0x00000007ff92c028) 
thrown [s\open\src\hotspot\share\interpreter\linkResolver.cpp, line 804]
Event: 15.158 Thread 0x0000023de19432a0 Exception <a 'java/lang/NoClassDefFoundError'{0x00000007ff93f968}: netscape/javascript/JSObject> (0x00000007ff93f968) 
thrown [s\open\src\hotspot\share\classfile\systemDictionary.cpp, line 318]

VM Operations (20 events):
Event: 2.861 Executing non-safepoint VM operation: HandshakeAllThreads (Deoptimize)
Event: 2.861 Executing non-safepoint VM operation: HandshakeAllThreads (Deoptimize) done
Event: 2.870 Executing non-safepoint VM operation: HandshakeAllThreads (Deoptimize)
Event: 2.870 Executing non-safepoint VM operation: HandshakeAllThreads (Deoptimize) done
Event: 2.986 Executing safepoint VM operation: G1CollectForAllocation (G1 Evacuation Pause)
Event: 2.989 Executing safepoint VM operation: G1CollectForAllocation (G1 Evacuation Pause) done
Event: 2.997 Executing non-safepoint VM operation: HandshakeAllThreads (Deoptimize)
Event: 2.997 Executing non-safepoint VM operation: HandshakeAllThreads (Deoptimize) done
Event: 2.999 Executing non-safepoint VM operation: HandshakeAllThreads (Deoptimize)
Event: 2.999 Executing non-safepoint VM operation: HandshakeAllThreads (Deoptimize) done
Event: 3.146 Executing non-safepoint VM operation: HandshakeAllThreads (Deoptimize)
Event: 3.146 Executing non-safepoint VM operation: HandshakeAllThreads (Deoptimize) done
Event: 3.366 Executing non-safepoint VM operation: HandshakeAllThreads (Deoptimize)
Event: 3.366 Executing non-safepoint VM operation: HandshakeAllThreads (Deoptimize) done
Event: 3.437 Executing safepoint VM operation: G1CollectForAllocation (G1 Evacuation Pause)
Event: 3.441 Executing safepoint VM operation: G1CollectForAllocation (G1 Evacuation Pause) done
Event: 8.821 Executing safepoint VM operation: G1CollectForAllocation (G1 Evacuation Pause)
Event: 8.824 Executing safepoint VM operation: G1CollectForAllocation (G1 Evacuation Pause) done
Event: 15.103 Executing safepoint VM operation: G1CollectForAllocation (G1 Evacuation Pause)
Event: 15.106 Executing safepoint VM operation: G1CollectForAllocation (G1 Evacuation Pause) done

Memory protections (0 events):
No events

Nmethod flushes (0 events):
No events

Events (20 events):
Event: 3.103 Thread 0x0000023def9d5080 Thread added: 0x0000023e346dd400
Event: 3.360 Thread 0x0000023de7f12200 Thread exited: 0x0000023de7f12200
Event: 3.369 Thread 0x0000023de1959540 Thread added: 0x0000023de7f0c950
Event: 3.831 Thread 0x0000023de7f0c950 Thread exited: 0x0000023de7f0c950
Event: 3.831 Thread 0x0000023de7f070a0 Thread exited: 0x0000023de7f070a0
Event: 7.734 Thread 0x0000023de1946180 Thread added: 0x0000023def73afd0
Event: 8.722 Thread 0x0000023defb277c0 Thread added: 0x0000023def7388c0
Event: 13.557 Thread 0x0000023def73e680 Thread added: 0x0000023def73e680
Event: 13.557 Thread 0x0000023def73e680 Thread exited: 0x0000023def73e680
Event: 14.230 Thread 0x0000023def73deb0 Thread added: 0x0000023def73deb0
Event: 14.230 Thread 0x0000023def73deb0 Thread exited: 0x0000023def73deb0
Event: 14.235 Thread 0x0000023de1957920 Thread added: 0x0000023e33bf4790
Event: 14.305 Thread 0x0000023def747af0 Thread added: 0x0000023def747af0
Event: 14.305 Thread 0x0000023def747af0 Thread exited: 0x0000023def747af0
Event: 14.305 Thread 0x0000023e346e1280 Thread added: 0x0000023e346e1280
Event: 14.307 Thread 0x0000023e346e1280 Thread exited: 0x0000023e346e1280
Event: 14.308 Thread 0x0000023e346e1280 Thread added: 0x0000023e346e1280
Event: 14.308 Thread 0x0000023e346e1280 Thread exited: 0x0000023e346e1280
Event: 14.484 Thread 0x0000023def7388c0 Thread added: 0x0000023e346e31c0
Event: 14.839 Thread 0x0000023e33bf4790 Thread exited: 0x0000023e33bf4790


Dynamic libraries:
0x00007ff6c4a20000 - 0x00007ff6c4a2e000 	C:\Users\lolaa\.jdks\openjdk-26\bin\java.exe
0x00007ff87a9b0000 - 0x00007ff87aba8000 	C:\windows\SYSTEM32\ntdll.dll
0x00007ff879af0000 - 0x00007ff879bb2000 	C:\windows\System32\KERNEL32.DLL
0x00007ff878010000 - 0x00007ff878306000 	C:\windows\System32\KERNELBASE.dll
0x00007ff8784e0000 - 0x00007ff8785e0000 	C:\windows\System32\ucrtbase.dll
0x00007ff857a10000 - 0x00007ff857a27000 	C:\Users\lolaa\.jdks\openjdk-26\bin\jli.dll
0x00007ff857ca0000 - 0x00007ff857cbe000 	C:\Users\lolaa\.jdks\openjdk-26\bin\VCRUNTIME140.dll
0x00007ff879c20000 - 0x00007ff879dc1000 	C:\windows\System32\USER32.dll
0x00007ff85e410000 - 0x00007ff85e6ab000 	C:\windows\WinSxS\amd64_microsoft.windows.common-controls_6595b64144ccf1df_6.0.19041.6456_none_60b8a6cb71f64256\COMCTL32.dll
0x00007ff878390000 - 0x00007ff8783b2000 	C:\windows\System32\win32u.dll
0x00007ff879270000 - 0x00007ff87930e000 	C:\windows\System32\msvcrt.dll
0x00007ff8794b0000 - 0x00007ff8794db000 	C:\windows\System32\GDI32.dll
0x00007ff8783c0000 - 0x00007ff8784d9000 	C:\windows\System32\gdi32full.dll
0x00007ff8785e0000 - 0x00007ff87867d000 	C:\windows\System32\msvcp_win.dll
0x00007ff8794f0000 - 0x00007ff87951f000 	C:\windows\System32\IMM32.DLL
0x00007ff8708f0000 - 0x00007ff8708fc000 	C:\Users\lolaa\.jdks\openjdk-26\bin\vcruntime140_1.dll
0x00007ff849da0000 - 0x00007ff849e2d000 	C:\Users\lolaa\.jdks\openjdk-26\bin\msvcp140.dll
0x00007ffffaab0000 - 0x00007ffffb97e000 	C:\Users\lolaa\.jdks\openjdk-26\bin\server\jvm.dll
0x00007ff879900000 - 0x00007ff8799b1000 	C:\windows\System32\ADVAPI32.dll
0x00007ff8799f0000 - 0x00007ff879a8f000 	C:\windows\System32\sechost.dll
0x00007ff879dd0000 - 0x00007ff879ef0000 	C:\windows\System32\RPCRT4.dll
0x00007ff8788e0000 - 0x00007ff878907000 	C:\windows\System32\bcrypt.dll
0x00007ff879600000 - 0x00007ff87966b000 	C:\windows\System32\WS2_32.dll
0x00007ff8775a0000 - 0x00007ff8775eb000 	C:\windows\SYSTEM32\POWRPROF.dll
0x00007ff8628c0000 - 0x00007ff8628e7000 	C:\windows\SYSTEM32\WINMM.dll
0x00007ff871d60000 - 0x00007ff871d6a000 	C:\windows\SYSTEM32\VERSION.dll
0x00007ff877410000 - 0x00007ff877422000 	C:\windows\SYSTEM32\UMPDC.dll
0x00007ff8767f0000 - 0x00007ff876802000 	C:\windows\SYSTEM32\kernel.appcore.dll
0x00007ff8579e0000 - 0x00007ff8579ea000 	C:\Users\lolaa\.jdks\openjdk-26\bin\jimage.dll
0x00007ff875b60000 - 0x00007ff875d61000 	C:\windows\SYSTEM32\DBGHELP.DLL
0x00007ff854940000 - 0x00007ff854974000 	C:\windows\SYSTEM32\dbgcore.DLL
0x00007ff878910000 - 0x00007ff878992000 	C:\windows\System32\bcryptPrimitives.dll
0x00007ff857cd0000 - 0x00007ff857ce0000 	C:\Users\lolaa\.jdks\openjdk-26\bin\instrument.dll
0x00007ff8579f0000 - 0x00007ff857a0f000 	C:\Users\lolaa\.jdks\openjdk-26\bin\java.dll
0x00007ff8797d0000 - 0x00007ff8798fb000 	C:\windows\System32\ole32.dll
0x00007ff879ef0000 - 0x00007ff87a244000 	C:\windows\System32\combase.dll
0x00007ff878b00000 - 0x00007ff879270000 	C:\windows\System32\SHELL32.dll
0x00007ff876030000 - 0x00007ff8767d5000 	C:\windows\SYSTEM32\windows.storage.dll
0x00007ff877a40000 - 0x00007ff877a6b000 	C:\windows\SYSTEM32\Wldp.dll
0x00007ff879700000 - 0x00007ff8797cd000 	C:\windows\System32\OLEAUT32.dll
0x00007ff8789a0000 - 0x00007ff878a4d000 	C:\windows\System32\SHCORE.dll
0x00007ff87a880000 - 0x00007ff87a8db000 	C:\windows\System32\shlwapi.dll
0x00007ff877f40000 - 0x00007ff877f64000 	C:\windows\SYSTEM32\profapi.dll
0x00007ff846120000 - 0x00007ff846137000 	C:\Users\lolaa\.jdks\openjdk-26\bin\zip.dll
0x00007ff852890000 - 0x00007ff8528a2000 	C:\Users\lolaa\.jdks\openjdk-26\bin\net.dll
0x00007ff8777a0000 - 0x00007ff87780a000 	C:\windows\system32\mswsock.dll
0x00007ff851110000 - 0x00007ff851126000 	C:\Users\lolaa\.jdks\openjdk-26\bin\nio.dll
0x00007ff852880000 - 0x00007ff852889000 	C:\Users\lolaa\.jdks\openjdk-26\bin\extnet.dll
0x0000023db4d60000 - 0x0000023db4d63000 	C:\Users\lolaa\.openjfx\cache\20.0.2+3\amd64\api-ms-win-core-console-l1-1-0.dll
0x0000023db4d70000 - 0x0000023db4d73000 	C:\Users\lolaa\.openjfx\cache\20.0.2+3\amd64\api-ms-win-core-console-l1-2-0.dll
0x0000023db4d80000 - 0x0000023db4d83000 	C:\Users\lolaa\.openjfx\cache\20.0.2+3\amd64\api-ms-win-core-datetime-l1-1-0.dll
0x0000023db4d90000 - 0x0000023db4d93000 	C:\Users\lolaa\.openjfx\cache\20.0.2+3\amd64\api-ms-win-core-debug-l1-1-0.dll
0x0000023db4da0000 - 0x0000023db4da3000 	C:\Users\lolaa\.openjfx\cache\20.0.2+3\amd64\api-ms-win-core-errorhandling-l1-1-0.dll
0x0000023db6e20000 - 0x0000023db6e24000 	C:\Users\lolaa\.openjfx\cache\20.0.2+3\amd64\api-ms-win-core-file-l1-1-0.dll
0x0000023db6e30000 - 0x0000023db6e33000 	C:\Users\lolaa\.openjfx\cache\20.0.2+3\amd64\api-ms-win-core-file-l1-2-0.dll
0x0000023db6e40000 - 0x0000023db6e43000 	C:\Users\lolaa\.openjfx\cache\20.0.2+3\amd64\api-ms-win-core-file-l2-1-0.dll
0x0000023db6e50000 - 0x0000023db6e53000 	C:\Users\lolaa\.openjfx\cache\20.0.2+3\amd64\api-ms-win-core-handle-l1-1-0.dll
0x0000023db6e60000 - 0x0000023db6e63000 	C:\Users\lolaa\.openjfx\cache\20.0.2+3\amd64\api-ms-win-core-heap-l1-1-0.dll
0x0000023db6e70000 - 0x0000023db6e73000 	C:\Users\lolaa\.openjfx\cache\20.0.2+3\amd64\api-ms-win-core-interlocked-l1-1-0.dll
0x0000023db6e80000 - 0x0000023db6e83000 	C:\Users\lolaa\.openjfx\cache\20.0.2+3\amd64\api-ms-win-core-libraryloader-l1-1-0.dll
0x0000023de2d20000 - 0x0000023de2d23000 	C:\Users\lolaa\.openjfx\cache\20.0.2+3\amd64\api-ms-win-core-localization-l1-2-0.dll
0x0000023de2d30000 - 0x0000023de2d33000 	C:\Users\lolaa\.openjfx\cache\20.0.2+3\amd64\api-ms-win-core-memory-l1-1-0.dll
0x0000023de2d40000 - 0x0000023de2d43000 	C:\Users\lolaa\.openjfx\cache\20.0.2+3\amd64\api-ms-win-core-namedpipe-l1-1-0.dll
0x0000023de2d50000 - 0x0000023de2d53000 	C:\Users\lolaa\.openjfx\cache\20.0.2+3\amd64\api-ms-win-core-processenvironment-l1-1-0.dll
0x0000023de2d60000 - 0x0000023de2d63000 	C:\Users\lolaa\.openjfx\cache\20.0.2+3\amd64\api-ms-win-core-processthreads-l1-1-0.dll
0x0000023de2d70000 - 0x0000023de2d73000 	C:\Users\lolaa\.openjfx\cache\20.0.2+3\amd64\api-ms-win-core-processthreads-l1-1-1.dll
0x0000023de2d80000 - 0x0000023de2d83000 	C:\Users\lolaa\.openjfx\cache\20.0.2+3\amd64\api-ms-win-core-profile-l1-1-0.dll
0x0000023de2d90000 - 0x0000023de2d93000 	C:\Users\lolaa\.openjfx\cache\20.0.2+3\amd64\api-ms-win-core-rtlsupport-l1-1-0.dll
0x0000023de2da0000 - 0x0000023de2da3000 	C:\Users\lolaa\.openjfx\cache\20.0.2+3\amd64\api-ms-win-core-string-l1-1-0.dll
0x0000023de2db0000 - 0x0000023de2db3000 	C:\Users\lolaa\.openjfx\cache\20.0.2+3\amd64\api-ms-win-core-synch-l1-1-0.dll
0x0000023de2dc0000 - 0x0000023de2dc3000 	C:\Users\lolaa\.openjfx\cache\20.0.2+3\amd64\api-ms-win-core-synch-l1-2-0.dll
0x0000023de2dd0000 - 0x0000023de2dd3000 	C:\Users\lolaa\.openjfx\cache\20.0.2+3\amd64\api-ms-win-core-sysinfo-l1-1-0.dll
0x0000023de2de0000 - 0x0000023de2de3000 	C:\Users\lolaa\.openjfx\cache\20.0.2+3\amd64\api-ms-win-core-timezone-l1-1-0.dll
0x0000023de2df0000 - 0x0000023de2df3000 	C:\Users\lolaa\.openjfx\cache\20.0.2+3\amd64\api-ms-win-core-util-l1-1-0.dll
0x0000023de2e00000 - 0x0000023de2e03000 	C:\Users\lolaa\.openjfx\cache\20.0.2+3\amd64\api-ms-win-crt-conio-l1-1-0.dll
0x0000023de2e10000 - 0x0000023de2e14000 	C:\Users\lolaa\.openjfx\cache\20.0.2+3\amd64\api-ms-win-crt-convert-l1-1-0.dll
0x0000023de2e20000 - 0x0000023de2e23000 	C:\Users\lolaa\.openjfx\cache\20.0.2+3\amd64\api-ms-win-crt-environment-l1-1-0.dll
0x0000023de2e30000 - 0x0000023de2e33000 	C:\Users\lolaa\.openjfx\cache\20.0.2+3\amd64\api-ms-win-crt-filesystem-l1-1-0.dll
0x0000023de2e40000 - 0x0000023de2e43000 	C:\Users\lolaa\.openjfx\cache\20.0.2+3\amd64\api-ms-win-crt-heap-l1-1-0.dll
0x0000023de2e50000 - 0x0000023de2e53000 	C:\Users\lolaa\.openjfx\cache\20.0.2+3\amd64\api-ms-win-crt-locale-l1-1-0.dll
0x0000023de2e60000 - 0x0000023de2e65000 	C:\Users\lolaa\.openjfx\cache\20.0.2+3\amd64\api-ms-win-crt-math-l1-1-0.dll
0x0000023de2e70000 - 0x0000023de2e75000 	C:\Users\lolaa\.openjfx\cache\20.0.2+3\amd64\api-ms-win-crt-multibyte-l1-1-0.dll
0x0000023de2e80000 - 0x0000023de2e90000 	C:\Users\lolaa\.openjfx\cache\20.0.2+3\amd64\api-ms-win-crt-private-l1-1-0.dll
0x0000023de2e90000 - 0x0000023de2e93000 	C:\Users\lolaa\.openjfx\cache\20.0.2+3\amd64\api-ms-win-crt-process-l1-1-0.dll
0x0000023de2ea0000 - 0x0000023de2ea4000 	C:\Users\lolaa\.openjfx\cache\20.0.2+3\amd64\api-ms-win-crt-runtime-l1-1-0.dll
0x0000023de2eb0000 - 0x0000023de2eb4000 	C:\Users\lolaa\.openjfx\cache\20.0.2+3\amd64\api-ms-win-crt-stdio-l1-1-0.dll
0x0000023de2ec0000 - 0x0000023de2ec4000 	C:\Users\lolaa\.openjfx\cache\20.0.2+3\amd64\api-ms-win-crt-string-l1-1-0.dll
0x0000023de2ed0000 - 0x0000023de2ed3000 	C:\Users\lolaa\.openjfx\cache\20.0.2+3\amd64\api-ms-win-crt-time-l1-1-0.dll
0x0000023de2ee0000 - 0x0000023de2ee3000 	C:\Users\lolaa\.openjfx\cache\20.0.2+3\amd64\api-ms-win-crt-utility-l1-1-0.dll
0x00007ff815d80000 - 0x00007ff815e7c000 	C:\Users\lolaa\.openjfx\cache\20.0.2+3\amd64\ucrtbase.dll
0x00007ff846d10000 - 0x00007ff846d2b000 	C:\Users\lolaa\.openjfx\cache\20.0.2+3\amd64\vcruntime140.dll
0x00007ff849d90000 - 0x00007ff849d9c000 	C:\Users\lolaa\.openjfx\cache\20.0.2+3\amd64\vcruntime140_1.dll
0x00007ff8155f0000 - 0x00007ff81567e000 	C:\Users\lolaa\.openjfx\cache\20.0.2+3\amd64\msvcp140.dll
0x00007ff843b90000 - 0x00007ff843b99000 	C:\Users\lolaa\.openjfx\cache\20.0.2+3\amd64\msvcp140_1.dll
0x00007ff818920000 - 0x00007ff818950000 	C:\Users\lolaa\.openjfx\cache\20.0.2+3\amd64\msvcp140_2.dll
0x00007ff816dc0000 - 0x00007ff816def000 	C:\Users\lolaa\.openjfx\cache\20.0.2+3\amd64\prism_d3d.dll
0x00007ff8447e0000 - 0x00007ff8449b1000 	C:\windows\system32\d3d9.dll
0x00007ff875650000 - 0x00007ff87567e000 	C:\windows\SYSTEM32\dwmapi.dll
0x00007ff875470000 - 0x00007ff87550e000 	C:\windows\system32\uxtheme.dll
0x00007ff877bd0000 - 0x00007ff877be2000 	C:\windows\SYSTEM32\msasn1.dll
0x00007ff86f5f0000 - 0x00007ff86f621000 	C:\windows\SYSTEM32\cryptnet.dll
0x00007ff878680000 - 0x00007ff8787dd000 	C:\windows\System32\CRYPT32.dll
0x00007ff8779b0000 - 0x00007ff8779bc000 	C:\windows\SYSTEM32\cryptbase.dll
0x00007ff878310000 - 0x00007ff878383000 	C:\windows\System32\wintrust.dll
0x00007ff8799c0000 - 0x00007ff8799dd000 	C:\windows\System32\imagehlp.dll
0x00007ff877990000 - 0x00007ff8779a8000 	C:\windows\SYSTEM32\CRYPTSP.dll
0x00007ff877050000 - 0x00007ff877088000 	C:\windows\system32\rsaenh.dll
0x00007ff8139c0000 - 0x00007ff813a02000 	C:\Users\lolaa\.openjfx\cache\20.0.2+3\amd64\glass.dll
0x00007ff879520000 - 0x00007ff8795fa000 	C:\windows\System32\COMDLG32.dll
0x00007ff879390000 - 0x00007ff8794a5000 	C:\windows\System32\MSCTF.dll
0x00007ff816570000 - 0x00007ff816634000 	C:\windows\System32\DriverStore\FileRepository\nvhm.inf_amd64_3cb6b4743249e01c\nvldumdx.dll
0x00007ff86f440000 - 0x00007ff86f587000 	C:\windows\SYSTEM32\drvstore.dll
0x00007ff877dc0000 - 0x00007ff877df3000 	C:\windows\SYSTEM32\devobj.dll
0x00007ff878890000 - 0x00007ff8788de000 	C:\windows\System32\cfgmgr32.dll
0x00007fffe99e0000 - 0x00007fffed774000 	C:\windows\System32\DriverStore\FileRepository\nvhm.inf_amd64_3cb6b4743249e01c\nvgpucomp64.dll
0x00007ff815e80000 - 0x00007ff815f5e000 	C:\windows\System32\DriverStore\FileRepository\nvhm.inf_amd64_3cb6b4743249e01c\NvMemMapStoragex.dll
0x00007fff9f600000 - 0x00007fffa2105000 	C:\windows\System32\DriverStore\FileRepository\nvhm.inf_amd64_3cb6b4743249e01c\nvd3dumx.dll
0x00007ff807030000 - 0x00007ff807177000 	C:\windows\system32\nvspcap64.dll
0x00007ff8772a0000 - 0x00007ff8772d3000 	C:\windows\SYSTEM32\ntmarta.dll
0x00007ff876810000 - 0x00007ff876833000 	C:\windows\SYSTEM32\gpapi.dll
0x00007ff8348f0000 - 0x00007ff834aa7000 	C:\windows\System32\DriverStore\FileRepository\nvhm.inf_amd64_3cb6b4743249e01c\nvppex.dll
0x00007ff86ac10000 - 0x00007ff86ac4b000 	C:\windows\SYSTEM32\dxcore.dll
0x00007ffff49d0000 - 0x00007ffff4b35000 	C:\windows\System32\DriverStore\FileRepository\iigd_dch.inf_amd64_32d00482e786db73\igdumdim64.dll
0x00007ffff0da0000 - 0x00007ffff49c1000 	C:\windows\System32\DriverStore\FileRepository\iigd_dch.inf_amd64_32d00482e786db73\igd9dxva64.dll
0x00007ff87a260000 - 0x00007ff87a6d0000 	C:\windows\System32\SETUPAPI.dll
0x00007ff866df0000 - 0x00007ff8671bd000 	C:\windows\System32\DriverStore\FileRepository\iigd_dch.inf_amd64_32d00482e786db73\igdgmm64.dll
0x00007ff8375e0000 - 0x00007ff837607000 	C:\windows\System32\DriverStore\FileRepository\iigd_dch.inf_amd64_32d00482e786db73\igdinfo64.dll
0x00007ff85fa40000 - 0x00007ff862787000 	C:\windows\System32\DriverStore\FileRepository\iigd_dch.inf_amd64_32d00482e786db73\igc64.dll

JVMTI agents:
C:\Program Files\JetBrains\IntelliJ IDEA Community Edition 2025.2.2\lib\idea_rt.jar path:C:\Users\lolaa\.jdks\openjdk-26\bin\instrument.dll, loaded, initialized, instrumentlib options:60191

dbghelp: loaded successfully - version: 4.0.5 - missing functions: none
symbol engine: initialized successfully - sym options: 0x614 - pdb path: .;C:\Users\lolaa\.jdks\openjdk-26\bin;C:\windows\SYSTEM32;C:\windows\WinSxS\amd64_microsoft.windows.common-controls_6595b64144ccf1df_6.0.19041.6456_none_60b8a6cb71f64256;C:\Users\lolaa\.jdks\openjdk-26\bin\server;C:\Users\lolaa\.openjfx\cache\20.0.2+3\amd64;C:\windows\System32\DriverStore\FileRepository\nvhm.inf_amd64_3cb6b4743249e01c;C:\windows\System32\DriverStore\FileRepository\iigd_dch.inf_amd64_32d00482e786db73;C:\Program Files\Common Files\Microsoft Shared\Ink

VM Arguments:
jvm_args: -javaagent:C:\Program Files\JetBrains\IntelliJ IDEA Community Edition 2025.2.2\lib\idea_rt.jar=60191 -Dfile.encoding=UTF-8 -Dsun.stdout.encoding=UTF-8 -Dsun.stderr.encoding=UTF-8 
java_command: com.pharmax.Launcher
java_class_path (initial): C:\Users\lolaa\Desktop\MyPIDEVJava\java-blog-comment\target\classes;C:\Users\lolaa\.m2\repository\mysql\mysql-connector-java\8.0.28\mysql-connector-java-8.0.28.jar;C:\Users\lolaa\.m2\repository\com\google\protobuf\protobuf-java\3.11.4\protobuf-java-3.11.4.jar;C:\Users\lolaa\.m2\repository\org\openjfx\javafx-controls\20.0.2\javafx-controls-20.0.2.jar;C:\Users\lolaa\.m2\repository\org\openjfx\javafx-controls\20.0.2\javafx-controls-20.0.2-win.jar;C:\Users\lolaa\.m2\repository\org\openjfx\javafx-fxml\20.0.2\javafx-fxml-20.0.2.jar;C:\Users\lolaa\.m2\repository\org\openjfx\javafx-fxml\20.0.2\javafx-fxml-20.0.2-win.jar;C:\Users\lolaa\.m2\repository\org\openjfx\javafx-web\20.0.2\javafx-web-20.0.2.jar;C:\Users\lolaa\.m2\repository\org\openjfx\javafx-web\20.0.2\javafx-web-20.0.2-win.jar;C:\Users\lolaa\.m2\repository\org\openjfx\javafx-media\20.0.2\javafx-media-20.0.2.jar;C:\Users\lolaa\.m2\repository\org\openjfx\javafx-media\20.0.2\javafx-media-20.0.2-win.jar;C:\Users\lolaa\.m2\repository\org\openjfx\javafx-base\20.0.2\javafx-base-20.0.2.jar;C:\Users\lolaa\.m2\repository\org\openjfx\javafx-base\20.0.2\javafx-base-20.0.2-win.jar;C:\Users\lolaa\.m2\repository\org\openjfx\javafx-graphics\20.0.2\javafx-graphics-20.0.2.jar;C:\Users\lolaa\.m2\repository\org\openjfx\javafx-graphics\20.0.2\javafx-graphics-20.0.2-win.jar;C:\Users\lolaa\.m2\repository\org\openjfx\javafx-swing\20.0.2\javafx-swing-20.0.2.jar;C:\Users\lolaa\.m2\repository\org\openjfx\javafx-swing\20.0.2\javafx-swing-20.0.2-win.jar;C:\Users\lolaa\.m2\repository\com\itextpdf\itextpdf\5.5.13.3\itextpdf-5.5.13.3.jar;C:\Users\lolaa\.m2\repository\com\sun\mail\javax.mail\1.6.2\javax.mail-1.6.2.jar;C:\Users\lolaa\.m2\repository\javax\activation\activation\1.1.1\activation-1.1.1.jar;C:\Users\lolaa\.m2\repository\com\stripe\stripe-java\24.21.0\stripe-java-24.21.0.jar;C:\Users\lolaa\.m2\repository\org\json\json\20231013\json-20231013.jar;C:\Users\lolaa\.m2\repository\com\google\code\gson\gson\2.11.0\gson-2.11.0.jar;C:\Users\lolaa\.m2\repository\com\google\errorprone\error_prone_annotations\2.27.0\error_prone_annotations-2.27.0.jar;C:\Users\lolaa\.m2\repository\com\fasterxml\jackson\core\jackson-core\2.17.2\jackson-core-2.17.2.jar;C:\Users\lolaa\.m2\repository\com\fasterxml\jackson\core\jackson-annotations\2.17.2\jackson-annotations-2.17.2.jar;C:\Users\lolaa\.m2\repository\com\fasterxml\jackson\core\jackson-databind\2.17.2\jackson-databind-2.17.2.jar;C:\Users\lolaa\.m2\repository\com\squareup\okhttp3\okhttp\4.12.0\okhttp-4.12.0.jar;C:\Users\lolaa\.m2\repository\com\squareup\okio\okio\3.6.0\okio-3.6.0.jar;C:\Users\lolaa\.m2\repository\com\squareup\okio\okio-jvm\3.6.0\okio-jvm-3.6.0.jar;C:\Users\lolaa\.m2\repository\org\jetbrains\kotlin\kotlin-stdlib-common\1.9.10\kotlin-stdlib-common-1.9.10.jar;C:\Users\lolaa\.m2\repository\org\jetbrains\kotlin\kotlin-stdlib-jdk8\1.8.21\kotlin-stdlib-jdk8-1.8.21.jar;C:\Users\lolaa\.m2\repository\org\jetbrains\kotlin\kotlin-stdlib\1.8.21\kotlin-stdlib-1.8.21.jar;C:\Users\lolaa\.m2\repository\org\jetbrains\annotations\13.0\annotations-13.0.jar;C:\Users\lolaa\.m2\repository\org\jetbrains\kotlin\kotlin-stdlib-jdk7\1.8.21\kotlin-stdlib-jdk7-1.8.21.jar;C:\Users\lolaa\.m2\repository\org\apache\httpcomponents\client5\httpclient5\5.3\httpclient5-5.3.jar;C:\Users\lolaa\.m2\repository\org\apache\httpcomponents\core5\httpcore5\5.2.4\httpcore5-5.2.4.jar;C:\Users\lolaa\.m2\repository\org\apache\httpcomponents\core5\httpcore5-h2\5.2.4\httpcore5-h2-5.2.4.jar;C:\Users\lolaa\.m2\repository\org\slf4j\slf4j-api\1.7.36\slf4j-api-1.7.36.jar;C:\Users\lolaa\.m2\repository\org\jsoup\jsoup\1.17.2\jsoup-1.17.2.jar;C:\Users\lolaa\.m2\repository\com\google\zxing\core\3.5.3\core-3.5.3.jar;C:\Users\lolaa\.m2\repository\com\google\zxing\javase\3.5.3\javase-3.5.3.jar;C:\Users\lolaa\.m2\repository\com\beust\jcommander\1.82\jcommander-1.82.jar;C:\Users\lolaa\.m2\repository\com\github\jai-imageio\jai-imageio-core\1.4.0\jai-imageio-core-1.4.0.jar;C:\Users\lolaa\.m2\repository\ch\qos\logback\logback-classic\1.4.14\logback-classic-1.4.14.jar;C:\Users\lolaa\.m2\repository\ch\qos\logback\logback-core\1.4.14\logback-core-1.4.14.jar;C:\Users\lolaa\.m2\repository\com\warrenstrange\googleauth\1.5.0\googleauth-1.5.0.jar;C:\Users\lolaa\.m2\repository\commons-codec\commons-codec\1.14\commons-codec-1.14.jar;C:\Users\lolaa\.m2\repository\org\apache\httpcomponents\httpclient\4.5.12\httpclient-4.5.12.jar;C:\Users\lolaa\.m2\repository\commons-logging\commons-logging\1.2\commons-logging-1.2.jar;C:\Users\lolaa\.m2\repository\com\google\api-client\google-api-client\2.2.0\google-api-client-2.2.0.jar;C:\Users\lolaa\.m2\repository\com\google\oauth-client\google-oauth-client\1.34.1\google-oauth-client-1.34.1.jar;C:\Users\lolaa\.m2\repository\com\google\guava\guava\31.1-jre\guava-31.1-jre.jar;C:\Users\lolaa\.m2\repository\com\google\guava\failureaccess\1.0.1\failureaccess-1.0.1.jar;C:\Users\lolaa\.m2\repository\com\google\guava\listenablefuture\9999.0-empty-to-avoid-conflict-with-guava\listenablefuture-9999.0-empty-to-avoid-conflict-with-guava.jar;C:\Users\lolaa\.m2\repository\com\google\code\findbugs\jsr305\3.0.2\jsr305-3.0.2.jar;C:\Users\lolaa\.m2\repository\org\checkerframework\checker-qual\3.12.0\checker-qual-3.12.0.jar;C:\Users\lolaa\.m2\repository\com\google\j2objc\j2objc-annotations\1.3\j2objc-annotations-1.3.jar;C:\Users\lolaa\.m2\repository\com\google\http-client\google-http-client-apache-v2\1.42.3\google-http-client-apache-v2-1.42.3.jar;C:\Users\lolaa\.m2\repository\org\apache\httpcomponents\httpcore\4.4.16\httpcore-4.4.16.jar;C:\Users\lolaa\.m2\repository\com\google\http-client\google-http-client\1.42.3\google-http-client-1.42.3.jar;C:\Users\lolaa\.m2\repository\io\opencensus\opencensus-api\0.31.1\opencensus-api-0.31.1.jar;C:\Users\lolaa\.m2\repository\io\grpc\grpc-context\1.27.2\grpc-context-1.27.2.jar;C:\Users\lolaa\.m2\repository\io\opencensus\opencensus-contrib-http-util\0.31.1\opencensus-contrib-http-util-0.31.1.jar;C:\Users\lolaa\.m2\repository\com\google\http-client\google-http-client-gson\1.43.3\google-http-client-gson-1.43.3.jar;C:\Users\lolaa\.m2\repository\com\google\oauth-client\google-oauth-client-java6\1.34.1\google-oauth-client-java6-1.34.1.jar;C:\Users\lolaa\.m2\repository\com\google\oauth-client\google-oauth-client-jetty\1.34.1\google-oauth-client-jetty-1.34.1.jar;C:\Users\lolaa\.m2\repository\com\google\apis\google-api-services-oauth2\v2-rev20200213-2.0.0\google-api-services-oauth2-v2-rev20200213-2.0.0.jar;C:\Users\lolaa\.m2\repository\org\apache\poi\poi-ooxml\5.2.3\poi-ooxml-5.2.3.jar;C:\Users\lolaa\.m2\repository\org\apache\poi\poi\5.2.3\poi-5.2.3.jar;C:\Users\lolaa\.m2\repository\org\apache\commons\commons-math3\3.6.1\commons-math3-3.6.1.jar;C:\Users\lolaa\.m2\repository\com\zaxxer\SparseBitSet\1.2\SparseBitSet-1.2.jar;C:\Users\lolaa\.m2\repository\org\apache\poi\poi-ooxml-lite\5.2.3\poi-ooxml-lite-5.2.3.jar;C:\Users\lolaa\.m2\repository\org\apache\xmlbeans\xmlbeans\5.1.1\xmlbeans-5.1.1.jar;C:\Users\lolaa\.m2\repository\org\apache\commons\commons-compress\1.21\commons-compress-1.21.jar;C:\Users\lolaa\.m2\repository\commons-io\commons-io\2.11.0\commons-io-2.11.0.jar;C:\Users\lolaa\.m2\repository\com\github\virtuald\curvesapi\1.07\curvesapi-1.07.jar;C:\Users\lolaa\.m2\repository\org\apache\logging\log4j\log4j-api\2.18.0\log4j-api-2.18.0.jar;C:\Users\lolaa\.m2\repository\org\apache\commons\commons-collections4\4.4\commons-collections4-4.4.jar;C:\Users\lolaa\.m2\repository\org\bytedeco\javacv-platform\1.5.10\javacv-platform-1.5.10.jar;C:\Users\lolaa\.m2\repository\org\bytedeco\javacv\1.5.10\javacv-1.5.10.jar;C:\Users\lolaa\.m2\repository\org\bytedeco\javacpp\1.5.10\javacpp-1.5.10.jar;C:\Users\lolaa\.m2\repository\org\bytedeco\openblas\0.3.26-1.5.10\openblas-0.3.26-1.5.10.jar;C:\Users\lolaa\.m2\repository\org\bytedeco\ffmpeg\6.1.1-1.5.10\ffmpeg-6.1.1-1.5.10.jar;C:\Users\lolaa\.m2\repository\org\bytedeco\flycapture\2.13.3.31-1.5.9\flycapture-2.13.3.31-1.5.9.jar;C:\Users\lolaa\.m2\repository\org\bytedeco\libdc1394\2.2.6-1.5.9\libdc1394-2.2.6-1.5.9.jar;C:\Users\lolaa\.m2\repository\org\bytedeco\libfreenect\0.5.7-1.5.9\libfreenect-0.5.7-1.5.9.jar;C:\Users\lolaa\.m2\repository\org\bytedeco\libfreenect2\0.2.0-1.5.9\libfreenect2-0.2.0-1.5.9.jar;C:\Users\lolaa\.m2\repository\org\bytedeco\librealsense\1.12.4-1.5.9\librealsense-1.12.4-1.5.9.jar;C:\Users\lolaa\.m2\repository\org\bytedeco\librealsense2\2.53.1-1.5.9\librealsense2-2.53.1-1.5.9.jar;C:\Users\lolaa\.m2\repository\org\bytedeco\videoinput\0.200-1.5.9\videoinput-0.200-1.5.9.jar;C:\Users\lolaa\.m2\repository\org\bytedeco\artoolkitplus\2.3.1-1.5.9\artoolkitplus-2.3.1-1.5.9.jar;C:\Users\lolaa\.m2\repository\org\bytedeco\leptonica\1.84.1-1.5.10\leptonica-1.84.1-1.5.10.jar;C:\Users\lolaa\.m2\repository\org\bytedeco\tesseract\5.3.4-1.5.10\tesseract-5.3.4-1.5.10.jar;C:\Users\lolaa\.m2\repository\org\bytedeco\javacpp-platform\1.5.10\javacpp-platform-1.5.10.jar;C:\Users\lolaa\.m2\repository\org\bytedeco\javacpp\1.5.10\javacpp-1.5.10-android-arm64.jar;C:\Users\lolaa\.m2\repository\org\bytedeco\javacpp\1.5.10\javacpp-1.5.10-android-x86_64.jar;C:\Users\lolaa\.m2\repository\org\bytedeco\javacpp\1.5.10\javacpp-1.5.10-ios-arm64.jar;C:\Users\lolaa\.m2\repository\org\bytedeco\javacpp\1.5.10\javacpp-1.5.10-ios-x86_64.jar;C:\Users\lolaa\.m2\repository\org\bytedeco\javacpp\1.5.10\javacpp-1.5.10-linux-arm64.jar;C:\Users\lolaa\.m2\repository\org\bytedeco\javacpp\1.5.10\javacpp-1.5.10-linux-ppc64le.jar;C:\Users\lolaa\.m2\repository\org\bytedeco\javacpp\1.5.10\javacpp-1.5.10-linux-x86_64.jar;C:\Users\lolaa\.m2\repository\org\bytedeco\javacpp\1.5.10\javacpp-1.5.10-macosx-arm64.jar;C:\Users\lolaa\.m2\repository\org\bytedeco\javacpp\1.5.10\javacpp-1.5.10-macosx-x86_64.jar;C:\Users\lolaa\.m2\repository\org\bytedeco\javacpp\1.5.10\javacpp-1.5.10-windows-x86_64.jar;C:\Users\lolaa\.m2\repository\org\bytedeco\openblas-platform\0.3.26-1.5.10\openblas-platform-0.3.26-1.5.10.jar;C:\Users\lolaa\.m2\repository\org\bytedeco\openblas\0.3.26-1.5.10\openblas-0.3.26-1.5.10-android-arm64.jar;C:\Users\lolaa\.m2\repository\org\bytedeco\openblas\0.3.26-1.5.10\openblas-0.3.26-1.5.10-android-x86_64.jar;C:\Users\lolaa\.m2\repository\org\bytedeco\openblas\0.3.26-1.5.10\openblas-0.3.26-1.5.10-ios-arm64.jar;C:\Users\lolaa\.m2\repository\org\bytedeco\openblas\0.3.26-1.5.10\openblas-0.3.26-1.5.10-ios-x86_64.jar;C:\Users\lolaa\.m2\repository\org\bytedeco\openblas\0.3.26-1.5.10\openblas-0.3.26-1.5.10-linux-x86_64.jar;C:\Users\lolaa\.m2\repository\org\bytedeco\openblas\0.3.26-1.5.10\openblas-0.3.26-1.5.10-linux-arm64.jar;C:\Users\lolaa\.m2\repository\org\bytedeco\openblas\0.3.26-1.5.10\openblas-0.3.26-1.5.10-linux-ppc64le.jar;C:\Users\lolaa\.m2\repository\org\bytedeco\openblas\0.3.26-1.5.10\openblas-0.3.26-1.5.10-macosx-arm64.jar;C:\Users\lolaa\.m2\repository\org\bytedeco\openblas\0.3.26-1.5.10\openblas-0.3.26-1.5.10-macosx-x86_64.jar;C:\Users\lolaa\.m2\repository\org\bytedeco\openblas\0.3.26-1.5.10\openblas-0.3.26-1.5.10-windows-x86_64.jar;C:\Users\lolaa\.m2\repository\org\bytedeco\ffmpeg-platform\6.1.1-1.5.10\ffmpeg-platform-6.1.1-1.5.10.jar;C:\Users\lolaa\.m2\repository\org\bytedeco\ffmpeg\6.1.1-1.5.10\ffmpeg-6.1.1-1.5.10-android-arm64.jar;C:\Users\lolaa\.m2\repository\org\bytedeco\ffmpeg\6.1.1-1.5.10\ffmpeg-6.1.1-1.5.10-android-x86_64.jar;C:\Users\lolaa\.m2\repository\org\bytedeco\ffmpeg\6.1.1-1.5.10\ffmpeg-6.1.1-1.5.10-linux-x86_64.jar;C:\Users\lolaa\.m2\repository\org\bytedeco\ffmpeg\6.1.1-1.5.10\ffmpeg-6.1.1-1.5.10-linux-arm64.jar;C:\Users\lolaa\.m2\repository\org\bytedeco\ffmpeg\6.1.1-1.5.10\ffmpeg-6.1.1-1.5.10-linux-ppc64le.jar;C:\Users\lolaa\.m2\repository\org\bytedeco\ffmpeg\6.1.1-1.5.10\ffmpeg-6.1.1-1.5.10-macosx-arm64.jar;C:\Users\lolaa\.m2\repository\org\bytedeco\ffmpeg\6.1.1-1.5.10\ffmpeg-6.1.1-1.5.10-macosx-x86_64.jar;C:\Users\lolaa\.m2\repository\org\bytedeco\ffmpeg\6.1.1-1.5.10\ffmpeg-6.1.1-1.5.10-windows-x86_64.jar;C:\Users\lolaa\.m2\repository\org\bytedeco\flycapture-platform\2.13.3.31-1.5.9\flycapture-platform-2.13.3.31-1.5.9.jar;C:\Users\lolaa\.m2\repository\org\bytedeco\flycapture\2.13.3.31-1.5.9\flycapture-2.13.3.31-1.5.9-linux-x86.jar;C:\Users\lolaa\.m2\repository\org\bytedeco\flycapture\2.13.3.31-1.5.9\flycapture-2.13.3.31-1.5.9-linux-x86_64.jar;C:\Users\lolaa\.m2\repository\org\bytedeco\flycapture\2.13.3.31-1.5.9\flycapture-2.13.3.31-1.5.9-linux-armhf.jar;C:\Users\lolaa\.m2\repository\org\bytedeco\flycapture\2.13.3.31-1.5.9\flycapture-2.13.3.31-1.5.9-linux-arm64.jar;C:\Users\lolaa\.m2\repository\org\bytedeco\flycapture\2.13.3.31-1.5.9\flycapture-2.13.3.31-1.5.9-windows-x86.jar;C:\Users\lolaa\.m2\repository\org\bytedeco\flycapture\2.13.3.31-1.5.9\flycapture-2.13.3.31-1.5.9-windows-x86_64.jar;C:\Users\lolaa\.m2\repository\org\bytedeco\libdc1394-platform\2.2.6-1.5.9\libdc1394-platform-2.2.6-1.5.9.jar;C:\Users\lolaa\.m2\repository\org\bytedeco\libdc1394\2.2.6-1.5.9\libdc1394-2.2.6-1.5.9-linux-x86.jar;C:\Users\lolaa\.m2\repository\org\bytedeco\libdc1394\2.2.6-1.5.9\libdc1394-2.2.6-1.5.9-linux-x86_64.jar;C:\Users\lolaa\.m2\repository\org\bytedeco\libdc1394\2.2.6-1.5.9\libdc1394-2.2.6-1.5.9-linux-armhf.jar;C:\Users\lolaa\.m2\repository\org\bytedeco\libdc1394\2.2.6-1.5.9\libdc1394-2.2.6-1.5.9-linux-arm64.jar;C:\Users\lolaa\.m2\repository\org\bytedeco\libdc1394\2.2.6-1.5.9\libdc1394-2.2.6-1.5.9-linux-ppc64le.jar;C:\Users\lolaa\.m2\repository\org\bytedeco\libdc1394\2.2.6-1.5.9\libdc1394-2.2.6-1.5.9-macosx-x86_64.jar;C:\Users\lolaa\.m2\repository\org\bytedeco\libdc1394\2.2.6-1.5.9\libdc1394-2.2.6-1.5.9-windows-x86.jar;C:\Users\lolaa\.m2\repository\org\bytedeco\libdc1394\2.2.6-1.5.9\libdc1394-2.2.6-1.5.9-windows-x86_64.jar;C:\Users\lolaa\.m2\repository\org\bytedeco\libfreenect-platform\0.5.7-1.5.9\libfreenect-platform-0.5.7-1.5.9.jar;C:\Users\lolaa\.m2\repository\org\bytedeco\libfreenect\0.5.7-1.5.9\libfreenect-0.5.7-1.5.9-linux-x86.jar;C:\Users\lolaa\.m2\repository\org\bytedeco\libfreenect\0.5.7-1.5.9\libfreenect-0.5.7-1.5.9-linux-x86_64.jar;C:\Users\lolaa\.m2\repository\org\bytedeco\libfreenect\0.5.7-1.5.9\libfreenect-0.5.7-1.5.9-linux-armhf.jar;C:\Users\lolaa\.m2\repository\org\bytedeco\libfreenect\0.5.7-1.5.9\libfreenect-0.5.7-1.5.9-linux-arm64.jar;C:\Users\lolaa\.m2\repository\org\bytedeco\libfreenect\0.5.7-1.5.9\libfreenect-0.5.7-1.5.9-linux-ppc64le.jar;C:\Users\lolaa\.m2\repository\org\bytedeco\libfreenect\0.5.7-1.5.9\libfreenect-0.5.7-1.5.9-macosx-x86_64.jar;C:\Users\lolaa\.m2\repository\org\bytedeco\libfreenect\0.5.7-1.5.9\libfreenect-0.5.7-1.5.9-windows-x86.jar;C:\Users\lolaa\.m2\repository\org\bytedeco\libfreenect\0.5.7-1.5.9\libfreenect-0.5.7-1.5.9-windows-x86_64.jar;C:\Users\lolaa\.m2\repository\org\bytedeco\libfreenect2-platform\0.2.0-1.5.9\libfreenect2-platform-0.2.0-1.5.9.jar;C:\Users\lolaa\.m2\repository\org\bytedeco\libfreenect2\0.2.0-1.5.9\libfreenect2-0.2.0-1.5.9-linux-x86.jar;C:\Users\lolaa\.m2\repository\org\bytedeco\libfreenect2\0.2.0-1.5.9\libfreenect2-0.2.0-1.5.9-linux-x86_64.jar;C:\Users\lolaa\.m2\repository\org\bytedeco\libfreenect2\0.2.0-1.5.9\libfreenect2-0.2.0-1.5.9-macosx-x86_64.jar;C:\Users\lolaa\.m2\repository\org\bytedeco\libfreenect2\0.2.0-1.5.9\libfreenect2-0.2.0-1.5.9-windows-x86_64.jar;C:\Users\lolaa\.m2\repository\org\bytedeco\librealsense-platform\1.12.4-1.5.9\librealsense-platform-1.12.4-1.5.9.jar;C:\Users\lolaa\.m2\repository\org\bytedeco\librealsense\1.12.4-1.5.9\librealsense-1.12.4-1.5.9-linux-armhf.jar;C:\Users\lolaa\.m2\repository\org\bytedeco\librealsense\1.12.4-1.5.9\librealsense-1.12.4-1.5.9-linux-arm64.jar;C:\Users\lolaa\.m2\repository\org\bytedeco\librealsense\1.12.4-1.5.9\librealsense-1.12.4-1.5.9-linux-x86.jar;C:\Users\lolaa\.m2\repository\org\bytedeco\librealsense\1.12.4-1.5.9\librealsense-1.12.4-1.5.9-linux-x86_64.jar;C:\Users\lolaa\.m2\repository\org\bytedeco\librealsense\1.12.4-1.5.9\librealsense-1.12.4-1.5.9-macosx-x86_64.jar;C:\Users\lolaa\.m2\repository\org\bytedeco\librealsense\1.12.4-1.5.9\librealsense-1.12.4-1.5.9-windows-x86.jar;C:\Users\lolaa\.m2\repository\org\bytedeco\librealsense\1.12.4-1.5.9\librealsense-1.12.4-1.5.9-windows-x86_64.jar;C:\Users\lolaa\.m2\repository\org\bytedeco\librealsense2-platform\2.53.1-1.5.9\librealsense2-platform-2.53.1-1.5.9.jar;C:\Users\lolaa\.m2\repository\org\bytedeco\librealsense2\2.53.1-1.5.9\librealsense2-2.53.1-1.5.9-linux-armhf.jar;C:\Users\lolaa\.m2\repository\org\bytedeco\librealsense2\2.53.1-1.5.9\librealsense2-2.53.1-1.5.9-linux-arm64.jar;C:\Users\lolaa\.m2\repository\org\bytedeco\librealsense2\2.53.1-1.5.9\librealsense2-2.53.1-1.5.9-linux-x86.jar;C:\Users\lolaa\.m2\repository\org\bytedeco\librealsense2\2.53.1-1.5.9\librealsense2-2.53.1-1.5.9-linux-x86_64.jar;C:\Users\lolaa\.m2\repository\org\bytedeco\librealsense2\2.53.1-1.5.9\librealsense2-2.53.1-1.5.9-macosx-x86_64.jar;C:\Users\lolaa\.m2\repository\org\bytedeco\librealsense2\2.53.1-1.5.9\librealsense2-2.53.1-1.5.9-windows-x86.jar;C:\Users\lolaa\.m2\repository\org\bytedeco\librealsense2\2.53.1-1.5.9\librealsense2-2.53.1-1.5.9-windows-x86_64.jar;C:\Users\lolaa\.m2\repository\org\bytedeco\videoinput-platform\0.200-1.5.9\videoinput-platform-0.200-1.5.9.jar;C:\Users\lolaa\.m2\repository\org\bytedeco\videoinput\0.200-1.5.9\videoinput-0.200-1.5.9-windows-x86.jar;C:\Users\lolaa\.m2\repository\org\bytedeco\videoinput\0.200-1.5.9\videoinput-0.200-1.5.9-windows-x86_64.jar;C:\Users\lolaa\.m2\repository\org\bytedeco\artoolkitplus-platform\2.3.1-1.5.9\artoolkitplus-platform-2.3.1-1.5.9.jar;C:\Users\lolaa\.m2\repository\org\bytedeco\artoolkitplus\2.3.1-1.5.9\artoolkitplus-2.3.1-1.5.9-android-arm.jar;C:\Users\lolaa\.m2\repository\org\bytedeco\artoolkitplus\2.3.1-1.5.9\artoolkitplus-2.3.1-1.5.9-android-arm64.jar;C:\Users\lolaa\.m2\repository\org\bytedeco\artoolkitplus\2.3.1-1.5.9\artoolkitplus-2.3.1-1.5.9-android-x86.jar;C:\Users\lolaa\.m2\repository\org\bytedeco\artoolkitplus\2.3.1-1.5.9\artoolkitplus-2.3.1-1.5.9-android-x86_64.jar;C:\Users\lolaa\.m2\repository\org\bytedeco\artoolkitplus\2.3.1-1.5.9\artoolkitplus-2.3.1-1.5.9-linux-x86.jar;C:\Users\lolaa\.m2\repository\org\bytedeco\artoolkitplus\2.3.1-1.5.9\artoolkitplus-2.3.1-1.5.9-linux-x86_64.jar;C:\Users\lolaa\.m2\repository\org\bytedeco\artoolkitplus\2.3.1-1.5.9\artoolkitplus-2.3.1-1.5.9-linux-armhf.jar;C:\Users\lolaa\.m2\repository\org\bytedeco\artoolkitplus\2.3.1-1.5.9\artoolkitplus-2.3.1-1.5.9-linux-arm64.jar;C:\Users\lolaa\.m2\repository\org\bytedeco\artoolkitplus\2.3.1-1.5.9\artoolkitplus-2.3.1-1.5.9-linux-ppc64le.jar;C:\Users\lolaa\.m2\repository\org\bytedeco\artoolkitplus\2.3.1-1.5.9\artoolkitplus-2.3.1-1.5.9-macosx-x86_64.jar;C:\Users\lolaa\.m2\repository\org\bytedeco\artoolkitplus\2.3.1-1.5.9\artoolkitplus-2.3.1-1.5.9-windows-x86.jar;C:\Users\lolaa\.m2\repository\org\bytedeco\artoolkitplus\2.3.1-1.5.9\artoolkitplus-2.3.1-1.5.9-windows-x86_64.jar;C:\Users\lolaa\.m2\repository\org\bytedeco\leptonica-platform\1.84.1-1.5.10\leptonica-platform-1.84.1-1.5.10.jar;C:\Users\lolaa\.m2\repository\org\bytedeco\leptonica\1.84.1-1.5.10\leptonica-1.84.1-1.5.10-android-arm64.jar;C:\Users\lolaa\.m2\repository\org\bytedeco\leptonica\1.84.1-1.5.10\leptonica-1.84.1-1.5.10-android-x86_64.jar;C:\Users\lolaa\.m2\repository\org\bytedeco\leptonica\1.84.1-1.5.10\leptonica-1.84.1-1.5.10-linux-x86_64.jar;C:\Users\lolaa\.m2\repository\org\bytedeco\leptonica\1.84.1-1.5.10\leptonica-1.84.1-1.5.10-linux-arm64.jar;C:\Users\lolaa\.m2\repository\org\bytedeco\leptonica\1.84.1-1.5.10\leptonica-1.84.1-1.5.10-linux-ppc64le.jar;C:\Users\lolaa\.m2\repository\org\bytedeco\leptonica\1.84.1-1.5.10\leptonica-1.84.1-1.5.10-macosx-arm64.jar;C:\Users\lolaa\.m2\repository\org\bytedeco\leptonica\1.84.1-1.5.10\leptonica-1.84.1-1.5.10-macosx-x86_64.jar;C:\Users\lolaa\.m2\repository\org\bytedeco\leptonica\1.84.1-1.5.10\leptonica-1.84.1-1.5.10-windows-x86_64.jar;C:\Users\lolaa\.m2\repository\org\bytedeco\tesseract-platform\5.3.4-1.5.10\tesseract-platform-5.3.4-1.5.10.jar;C:\Users\lolaa\.m2\repository\org\bytedeco\tesseract\5.3.4-1.5.10\tesseract-5.3.4-1.5.10-android-arm64.jar;C:\Users\lolaa\.m2\repository\org\bytedeco\tesseract\5.3.4-1.5.10\tesseract-5.3.4-1.5.10-android-x86_64.jar;C:\Users\lolaa\.m2\repository\org\bytedeco\tesseract\5.3.4-1.5.10\tesseract-5.3.4-1.5.10-linux-x86_64.jar;C:\Users\lolaa\.m2\repository\org\bytedeco\tesseract\5.3.4-1.5.10\tesseract-5.3.4-1.5.10-linux-arm64.jar;C:\Users\lolaa\.m2\repository\org\bytedeco\tesseract\5.3.4-1.5.10\tesseract-5.3.4-1.5.10-linux-ppc64le.jar;C:\Users\lolaa\.m2\repository\org\bytedeco\tesseract\5.3.4-1.5.10\tesseract-5.3.4-1.5.10-macosx-arm64.jar;C:\Users\lolaa\.m2\repository\org\bytedeco\tesseract\5.3.4-1.5.10\tesseract-5.3.4-1.5.10-macosx-x86_64.jar;C:\Users\lolaa\.m2\repository\org\bytedeco\tesseract\5.3.4-1.5.10\tesseract-5.3.4-1.5.10-windows-x86_64.jar;C:\Users\lolaa\.m2\repository\org\bytedeco\opencv-platform\4.9.0-1.5.10\opencv-platform-4.9.0-1.5.10.jar;C:\Users\lolaa\.m2\repository\org\bytedeco\opencv\4.9.0-1.5.10\opencv-4.9.0-1.5.10.jar;C:\Users\lolaa\.m2\repository\org\bytedeco\opencv\4.9.0-1.5.10\opencv-4.9.0-1.5.10-android-arm64.jar;C:\Users\lolaa\.m2\repository\org\bytedeco\opencv\4.9.0-1.5.10\opencv-4.9.0-1.5.10-android-x86_64.jar;C:\Users\lolaa\.m2\repository\org\bytedeco\opencv\4.9.0-1.5.10\opencv-4.9.0-1.5.10-ios-arm64.jar;C:\Users\lolaa\.m2\repository\org\bytedeco\opencv\4.9.0-1.5.10\opencv-4.9.0-1.5.10-ios-x86_64.jar;C:\Users\lolaa\.m2\repository\org\bytedeco\opencv\4.9.0-1.5.10\opencv-4.9.0-1.5.10-linux-x86_64.jar;C:\Users\lolaa\.m2\repository\org\bytedeco\opencv\4.9.0-1.5.10\opencv-4.9.0-1.5.10-linux-arm64.jar;C:\Users\lolaa\.m2\repository\org\bytedeco\opencv\4.9.0-1.5.10\opencv-4.9.0-1.5.10-linux-ppc64le.jar;C:\Users\lolaa\.m2\repository\org\bytedeco\opencv\4.9.0-1.5.10\opencv-4.9.0-1.5.10-macosx-arm64.jar;C:\Users\lolaa\.m2\repository\org\bytedeco\opencv\4.9.0-1.5.10\opencv-4.9.0-1.5.10-macosx-x86_64.jar;C:\Users\lolaa\.m2\repository\org\bytedeco\opencv\4.9.0-1.5.10\opencv-4.9.0-1.5.10-windows-x86_64.jar
Launcher Type: SUN_STANDARD

[Global flags]
     bool AOTAdapterCaching                        = false                                  {diagnostic} {ergonomic}
     bool AOTInvokeDynamicLinking                  = false                                  {diagnostic} {ergonomic}
     bool AOTRecordTraining                        = false                                  {diagnostic} {ergonomic}
     bool AOTReplayTraining                        = false                                  {diagnostic} {ergonomic}
     bool AOTStubCaching                           = false                                  {diagnostic} {ergonomic}
     intx CICompilerCount                          = 4                                         {product} {ergonomic}
     uint ConcGCThreads                            = 2                                         {product} {ergonomic}
     uint G1ConcRefinementThreads                  = 8                                         {product} {ergonomic}
     uint G1EagerReclaimRemSetThreshold            = 64                                   {experimental} {ergonomic}
   size_t G1HeapRegionSize                         = 8388608                                   {product} {ergonomic}
     uint G1RemSetArrayOfCardsEntries              = 64                                   {experimental} {ergonomic}
     uint G1RemSetHowlMaxNumBuckets                = 8                                    {experimental} {ergonomic}
     uint G1RemSetHowlNumBuckets                   = 8                                    {experimental} {ergonomic}
   size_t InitialHeapSize                          = 8388608                                   {product} {ergonomic}
     bool IntelJccErratumMitigation                = false                             {ARCH diagnostic} {ergonomic}
   size_t MarkStackSize                            = 4194304                                   {product} {ergonomic}
   size_t MarkStackSizeMax                         = 536870912                                 {product} {ergonomic}
   size_t MaxHeapSize                              = 12826181632                               {product} {ergonomic}
   size_t MaxNewSize                               = 7692353536                                {product} {ergonomic}
 uint64_t MaxRAM                                   = 51273261056                               {product} {ergonomic}
   size_t MinHeapDeltaBytes                        = 8388608                                   {product} {ergonomic}
   size_t MinHeapSize                              = 8388608                                   {product} {ergonomic}
   size_t NonNMethodCodeHeapSize                   = 5832704                                {pd product} {ergonomic}
   size_t NonProfiledCodeHeapSize                  = 122945536                              {pd product} {ergonomic}
   size_t ProfiledCodeHeapSize                     = 122880000                              {pd product} {ergonomic}
   size_t ReservedCodeCacheSize                    = 251658240                              {pd product} {ergonomic}
     bool SegmentedCodeCache                       = true                                      {product} {ergonomic}
   size_t SoftMaxHeapSize                          = 12826181632                            {manageable} {ergonomic}
     bool UseCompressedOops                        = true                           {product lp64_product} {ergonomic}
     bool UseCondCardMark                          = true                                      {product} {ergonomic}
     bool UseFastUnorderedTimeStamps               = true                                 {experimental} {ergonomic}
     bool UseG1GC                                  = true                                      {product} {ergonomic}
     bool UseLargePagesIndividualAllocation        = false                                  {pd product} {ergonomic}
      int X86ICacheSync                            = 3                                 {ARCH diagnostic} {ergonomic}

Logging:
Log output configuration:
 #0: stdout all=warning uptime,level,tags foldmultilines=false
 #1: stderr all=off uptime,level,tags foldmultilines=false

Release file:
IMPLEMENTOR="Oracle Corporation" 
JAVA_RUNTIME_VERSION="26+35-2893" 
JAVA_VERSION="26" 
JAVA_VERSION_DATE="2026-03-17" 
LIBC="default" 
MODULES="java.base java.compiler java.datatransfer java.xml java.prefs java.desktop java.instrument java.logging java.management java.security.sasl java.naming java.rmi java.management.rmi java.net.http java.scripting java.security.jgss java.transaction.xa java.sql java.sql.rowset java.xml.crypto java.se java.smartcardio jdk.accessibility jdk.internal.jvmstat jdk.attach jdk.charsets jdk.internal.opt jdk.zipfs jdk.compiler jdk.crypto.cryptoki jdk.crypto.ec jdk.crypto.mscapi jdk.dynalink jdk.internal.ed jdk.editpad jdk.internal.vm.ci jdk.graal.compiler jdk.graal.compiler.management jdk.hotspot.agent jdk.httpserver jdk.incubator.vector jdk.internal.le jdk.internal.md jdk.jartool jdk.javadoc jdk.jcmd jdk.management jdk.management.agent jdk.jconsole jdk.jdeps jdk.jdwp.agent jdk.jdi jdk.jfr jdk.jlink jdk.jpackage jdk.jshell jdk.jstatd jdk.localedata jdk.management.jfr jdk.naming.dns jdk.naming.rmi jdk.net jdk.nio.mapmode jdk.sctp jdk.security.auth jdk.security.jgss jdk.unsupported jdk.unsupported.desktop jdk.xml.dom" 
OS_ARCH="x86_64" 
OS_NAME="Windows" 
SOURCE=".:git:4408cd2a07a1" 

Environment Variables:
PATH=C:\Program Files (x86)\VMware\VMware Workstation\bin\;C:\oraclexe\app\oracle\product\11.2.0\server\bin;C:\Program Files\Common Files\Oracle\Java\javapath;C:\Program Files (x86)\Common Files\Oracle\Java\javapath;C:\windows\system32;C:\windows;C:\windows\System32\Wbem;C:\windows\System32\WindowsPowerShell\v1.0\;C:\windows\System32\OpenSSH\;C:\Program Files (x86)\NVIDIA Corporation\PhysX\Common;C:\Program Files (x86)\dotnet\;C:\Program Files\dotnet\;C:\xampp\php;C:\ProgramData\ComposerSetup\bin;C:\Program Files\NVIDIA Corporation\NVIDIA app\NvDLISR;C:\Qt\Tools\mingw1120_64\bin;C:\Program Files\nodejs\;C:\Users\lolaa\scoop\apps\flutter\current\bin;C:\Users\lolaa\scoop\shims;C:\oraclexe\app\oracle\product\11.2.0\server\bin;C:\Program Files\Common Files\Oracle\Java\javapath;C:\Program Files (x86)\Common Files\Oracle\Java\javapath;C:\windows\system32;C:\windows;C:\windows\System32\Wbem;C:\windows\System32\WindowsPowerShell\v1.0\;C:\windows\System32\OpenSSH\;C:\Program Files (x86)\NVIDIA Corporation\PhysX\Common;C:\Program Files (x86)\dotnet\;C:\Program Files\dotnet\;C:\Program Files\nodejs\;C:\xampp\php;C:\ProgramData\ComposerSetup\bin;C:\Program Files\NVIDIA Corporation\NVIDIA app\NvDLISR;C:\Qt\Tools\mingw1120_64\bin;C:\Program Files\Git\cmd;C:\Users\lolaa\AppData\Local\Programs\Python\Python313\Scripts\;C:\Users\lolaa\AppData\Local\Programs\Python\Python313\;C:\Users\lolaa\AppData\Local\Programs\Python\Launcher\;C:\Users\lolaa\AppData\Local\Microsoft\WindowsApps;C:\Users\lolaa\AppData\Roaming\Composer\vendor\bin;C:\Users\lolaa\AppData\Local\Programs\Microsoft VS Code\bin;C:\Program Files\JetBrains\IntelliJ IDEA Communi;C:\Users\lolaa\AppData\Local\Programs\cursor\resources\app\bin;C:\Users\lolaa\AppData\Local\Programs\Ollama;C:\Users\lolaa\AppData\Roaming\npm;C:\Users\lolaa\AppData\Local\Programs\Antigravity\bin;C:\Users\lolaa\.lmstudio\bin
USERNAME=lolaa
OS=Windows_NT
PROCESSOR_IDENTIFIER=Intel64 Family 6 Model 140 Stepping 1, GenuineIntel
TMP=C:\Users\lolaa\AppData\Local\Temp
TEMP=C:\Users\lolaa\AppData\Local\Temp




Compilation memory statistics disabled.

Periodic native trim disabled

---------------  S Y S T E M  ---------------

OS:
 Windows 10 , 64 bit Build 19041 (10.0.19041.5915)
OS uptime: 0 days 8:54 hours
Hyper-V role detected

CPU: total 8 (initial active 8) (4 cores per cpu, 2 threads per core) family 6 model 140 stepping 1 microcode 0xa4, cx8, cmov, fxsr, ht, mmx, 3dnowpref, sse, sse2, sse3, ssse3, sse4.1, sse4.2, popcnt, lzcnt, tsc, tscinvbit, avx, avx2, aes, erms, clmul, bmi1, bmi2, adx, avx512f, avx512dq, avx512cd, avx512bw, avx512vl, sha, fma, vzeroupper, avx512_vpopcntdq, avx512_vpclmulqdq, avx512_vaes, avx512_vnni, clflush, clflushopt, clwb, avx512_vbmi2, avx512_vbmi, hv, rdtscp, rdpid, fsrm, gfni, avx512_bitalg, f16c, cet_ibt, cet_ss, avx512_ifma
Processor Information for the first 8 processors :
  Max Mhz: 3110, Current Mhz: 3110, Mhz Limit: 3110

Memory: 4k page, system-wide physical 48897M (28224M free)
TotalPageFile size 51969M (AvailPageFile size 29562M)
current process WorkingSet (physical memory assigned to process): 305M, peak: 307M
current process commit charge ("private bytes"): 388M, peak: 394M

vm_info: OpenJDK 64-Bit Server VM (26+35-2893) for windows-amd64 JRE (26+35-2893), built on 2026-02-12T17:04:02Z with MS VC++ 17.13 (VS2022)

END.
