#
# A fatal error has been detected by the Java Runtime Environment:
#
#  EXCEPTION_ACCESS_VIOLATION (0xc0000005) at pc=0x00007ffffafc180e, pid=21772, tid=17004
#
# JRE version: OpenJDK Runtime Environment (26.0+35) (build 26+35-2893)
# Java VM: OpenJDK 64-Bit Server VM (26+35-2893, mixed mode, sharing, tiered, compressed oops, compressed class ptrs, g1 gc, windows-amd64)
# Problematic frame:
# V  [jvm.dll+0x51180e]
#
# No core dump will be written. Minidumps are not enabled by default on client versions of Windows
#
# If you would like to submit a bug report, please visit:
#   https://bugreport.java.com/bugreport/crash.jsp
#

---------------  S U M M A R Y ------------

Command Line: -javaagent:C:\Program Files\JetBrains\IntelliJ IDEA Community Edition 2025.2.2\lib\idea_rt.jar=62931 -Dfile.encoding=UTF-8 -Dsun.stdout.encoding=UTF-8 -Dsun.stderr.encoding=UTF-8 com.pharmax.Launcher

Host: 11th Gen Intel(R) Core(TM) i5-11300H @ 3.10GHz, 8 cores, 47G,  Windows 10 , 64 bit Build 19041 (10.0.19041.5915)
Time: Wed May  6 22:57:16 2026 Afr. centrale Ouest elapsed time: 6.701697 seconds (0d 0h 0m 6s)

---------------  T H R E A D  ---------------

Current thread (0x0000026a205b48b0):  JavaThread "JavaFX Application Thread"        [_thread_in_vm, id=17004, stack(0x0000008248d00000,0x0000008248e00000) (1024K)]

Stack: [0x0000008248d00000,0x0000008248e00000],  sp=0x0000008248dfd5f0,  free space=1013k
Native frames: (J=compiled Java code, j=interpreted, Vv=VM code, C=native code)
V  [jvm.dll+0x51180e]  (no source info available)
V  [jvm.dll+0x50e9a4]  (no source info available)
C  0x00007fff9133c853  (no source info available)
C  0x00007fff9133d8fd  (no source info available)
C  0x00007fff90c89ae0  (no source info available)
C  0x0000026a0753d5f3  (no source info available)

The last pc belongs to native method entry point (kind = native) (printed below).
Java frames: (J=compiled Java code, j=interpreted, Vv=VM code)
j  com.sun.webkit.WebPage.twkExecuteScript(JLjava/lang/String;)Ljava/lang/Object;+0
j  com.sun.webkit.WebPage.executeScript(JLjava/lang/String;)Ljava/lang/Object;+78
j  javafx.scene.web.WebEngine.executeScript(Ljava/lang/String;)Ljava/lang/Object;+19
j  utils.RecaptchaWidget.lambda$new$0(ILjavafx/beans/value/ObservableValue;Ljavafx/concurrent/Worker$State;Ljavafx/concurrent/Worker$State;)V+15
j  utils.RecaptchaWidget$$Lambda+0x000000003c2d4000.changed(Ljavafx/beans/value/ObservableValue;Ljava/lang/Object;Ljava/lang/Object;)V+17
j  com.sun.javafx.binding.ExpressionHelper$SingleChange.fireValueChangedEvent()V+71
J 3329 c1 javafx.beans.property.ReadOnlyObjectWrapper.fireValueChangedEvent()V (19 bytes) @ 0x0000026a004ec53c [0x0000026a004ec180+0x00000000000003bc]
J 2929 c1 javafx.beans.property.ObjectPropertyBase.set(Ljava/lang/Object;)V (76 bytes) @ 0x0000026a0045745c [0x0000026a00456e80+0x00000000000005dc]
j  javafx.scene.web.WebEngine$LoadWorker.updateState(Ljavafx/concurrent/Worker$State;)V+8
j  javafx.scene.web.WebEngine$LoadWorker.dispatchLoadEvent(JILjava/lang/String;Ljava/lang/String;DI)V+270
j  javafx.scene.web.WebEngine$PageLoadListener.dispatchLoadEvent(JILjava/lang/String;Ljava/lang/String;DI)V+32
j  com.sun.webkit.WebPage.fireLoadEvent(JILjava/lang/String;Ljava/lang/String;DI)V+53
j  com.sun.webkit.WebPage.fwkFireLoadEvent(JILjava/lang/String;Ljava/lang/String;DI)V+32
v  ~StubRoutines::Stub Generator call_stub_stub 0x0000026a075318e2
j  com.sun.webkit.network.URLLoaderBase.twkDidFinishLoading(J)V+0
j  com.sun.webkit.network.HTTP2Loader.notifyDidFinishLoading()V+48
j  com.sun.webkit.network.HTTP2Loader$$Lambda+0x000000003c321148.run()V+4
J 4423 c1 com.sun.webkit.network.HTTP2Loader$$Lambda+0x000000003c320478.run()V (12 bytes) @ 0x0000026a00678c84 [0x0000026a00678b00+0x0000000000000184]
J 4254 c1 com.sun.javafx.application.PlatformImpl$$Lambda+0x000000003c087480.run()Ljava/lang/Object; (8 bytes) @ 0x0000026a006337c4 [0x0000026a00633680+0x0000000000000144]
J 4252 c1 com.sun.javafx.application.PlatformImpl.lambda$runLater$11(Ljava/lang/Runnable;Ljava/security/AccessControlContext;)V (41 bytes) @ 0x0000026a00632d94 [0x0000026a00632900+0x0000000000000494]
J 4251 c1 com.sun.javafx.application.PlatformImpl$$Lambda+0x000000003c0867b8.run()V (12 bytes) @ 0x0000026a00632694 [0x0000026a00632600+0x0000000000000094]
J 4128 c1 com.sun.glass.ui.InvokeLaterDispatcher$Future.run()V (91 bytes) @ 0x0000026a00608694 [0x0000026a00608580+0x0000000000000114]
v  ~StubRoutines::Stub Generator call_stub_stub 0x0000026a075318e2
j  com.sun.glass.ui.win.WinApplication._runLoop(Ljava/lang/Runnable;)V+0
j  com.sun.glass.ui.win.WinApplication.lambda$runLoop$3(ILjava/lang/Runnable;)V+8
j  com.sun.glass.ui.win.WinApplication$$Lambda+0x000000003c074030.run()V+12
j  java.lang.Thread.runWith(Ljava/lang/Object;Ljava/lang/Runnable;)V+5 java.base@26
j  java.lang.Thread.run()V+19 java.base@26
v  ~StubRoutines::Stub Generator call_stub_stub 0x0000026a075318e2

siginfo: EXCEPTION_ACCESS_VIOLATION (0xc0000005), reading address 0x0000000000000000


Registers:
RAX=0x0000000000000000, RBX=0x0000000000000005, RCX=0x00000000690bffff, RDX=0x00007fff575dab5e
RSP=0x0000008248dfd5f0, RBP=0x0000000000000000, RSI=0x0000000000000000, RDI=0x000000003b4d3aa0
R8 =0x0000000000000000, R9 =0x0000000000000000, R10=0x00007ffffafbe8e0, R11=0x0000008248dfd7a8
R12=0x00007fff92ab6ff8, R13=0x0000026a205b48b0, R14=0x000000003b4dae00, R15=0x00007fff92ab5964
RIP=0x00007ffffafc180e, EFLAGS=0x0000000000010293

XMM[0]=0x0000008248dfcfa0 0x0000000000000000
XMM[1]=0x0000000000000000 0x0000008248dfcf48
XMM[2]=0x0000000000000000 0x0000026a001a0f88
XMM[3]=0x0000008248dfd170 0x0000020000000000
XMM[4]=0x000e178101b4d89f 0x34e63b4167e12cdf
XMM[5]=0x72616e6f69746369 0x446d65747379735c
XMM[6]=0x0000000000000000 0x0000000000000000
XMM[7]=0x0000000000000000 0x0000000000000000
XMM[8]=0x0000000000000000 0x0000000000000000
XMM[9]=0x0000000000000000 0x0000000000000000
XMM[10]=0x0000000000000000 0x0000000000000000
XMM[11]=0x0000000000000000 0x0000000000000000
XMM[12]=0x0000000000000000 0x0000000000000000
XMM[13]=0x0000000000000000 0x0000000000000000
XMM[14]=0x0000000000000000 0x0000000000000000
XMM[15]=0x0000000000000000 0x0000000000000000
  MXCSR=0x00001fa7


Register to memory mapping:

RAX=0x0 is null
RBX=0x0000000000000005 is an unknown value
RCX=0x00000000690bffff is pointing into metadata
RDX=0x00007fff575dab5e is an unknown value
RSP=0x0000008248dfd5f0 is pointing into the stack for thread: 0x0000026a205b48b0
RBP=0x0 is null
RSI=0x0 is null
RDI=0x000000003b4d3aa0 is pointing into metadata
R8 =0x0 is null
R9 =0x0 is null
R10=0x00007ffffafbe8e0 jvm.dll
R11=0x0000008248dfd7a8 is pointing into the stack for thread: 0x0000026a205b48b0
R12=0x00007fff92ab6ff8 points into unknown readable memory: 0x00003e74696e693c | 3c 69 6e 69 74 3e 00 00
R13=0x0000026a205b48b0 is a thread
R14=0x000000003b4dae00 is pointing into metadata
R15=0x00007fff92ab5964 points into unknown readable memory: 28 4a 49 29

Top of Stack: (sp=0x0000008248dfd5f0)
0x0000008248dfd5f0:   0000000000000005 0000000000000000   ................
0x0000008248dfd600:   000000003b4d3aa0 0000026a206003a0   .:M;......` j...
0x0000008248dfd610:   0000026a1f082870 0000026a1f0828b0   p(..j....(..j...
0x0000008248dfd620:   0000026a1f082900 00000000000000d8   .)..j...........
0x0000008248dfd630:   0000008248dfe230 0000026a205b48b0   0..H.....H[ j...
0x0000008248dfd640:   0000000000000000 025666f46c5e0272   ........r.^l.fV.
0x0000008248dfd650:   0000000000000000 0000026a2ccd3e00   .........>.,j...
0x0000008248dfd660:   0000026a205b4800 0000026a208db6c0   .H[ j...... j...
0x0000008248dfd670:   0000026a205b48b0 0000026a205b4ce0   .H[ j....L[ j...
0x0000008248dfd680:   0000026a205b48b0 000000000000001b   .H[ j...........
0x0000008248dfd690:   0000026a2f6eadd8 0000026a2ccd3ec8   ..n/j....>.,j...
0x0000008248dfd6a0:   0000026a1f0828a8 00007ffffae5e54f   .(..j...O.......
0x0000008248dfd6b0:   0000026a2f6eadd8 0000026a1f082800   ..n/j....(..j...
0x0000008248dfd6c0:   0000026a205ffce0 0000026a1f1d70c0   .._ j....p..j...
0x0000008248dfd6d0:   0000000000000000 0000000000000000   ................
0x0000008248dfd6e0:   0000000000000000 0000000000000000   ................
0x0000008248dfd6f0:   0000000000000000 0000000000000000   ................
0x0000008248dfd700:   0000026a205b4ce0 00007ff87aa01910   .L[ j......z....
0x0000008248dfd710:   0000026a205b4ce0 0000026a23720838   .L[ j...8.r#j...
0x0000008248dfd720:   0000000000000000 00007ff8784f26ee   .........&Ox....
0x0000008248dfd730:   00010101ffffffff 0000008248dfd7d0   ...........H....
0x0000008248dfd740:   0000008248dfd7d0 00007ff8785d0e40   ...H....@.]x....
0x0000008248dfd750:   0000000000000000 00007ff8784f2690   .........&Ox....
0x0000008248dfd760:   0000479b6154a63a 0000000000000018   :.Ta.G..........
0x0000008248dfd770:   0000026a205b4ce0 0000000000000000   .L[ j...........
0x0000008248dfd780:   0000026a22c9cae0 0000026a2ccd3ec8   ..."j....>.,j...
0x0000008248dfd790:   0000026a205b4ce0 00007fff92ab5964   .L[ j...dY......
0x0000008248dfd7a0:   00007fff92ab6ff8 00007ffffafbe9a4   .o..............
0x0000008248dfd7b0:   0000026a205b48b0 00007fff9291c565   .H[ j...e.......
0x0000008248dfd7c0:   00007fff94eb1b78 00007fff92aa81d0   x...............
0x0000008248dfd7d0:   0000008200000000 0000026a205b48b0   .........H[ j...
0x0000008248dfd7e0:   0000026a205b48b0 0000026a1f0828a0   .H[ j....(..j...

Instructions: (pc=0x00007ffffafc180e)
  0x00007ffffafc170e:   41 57 48 81 ec 80 01 00 00 48 8b 05 22 91 85 00
  0x00007ffffafc171e:   48 33 c4 48 89 84 24 70 01 00 00 0f b6 ac 24 e0
  0x00007ffffafc172e:   01 00 00 4d 8b f9 4c 8b ac 24 e8 01 00 00 4d 8b
  0x00007ffffafc173e:   e0 40 88 6c 24 30 48 8b f2 4d 85 c0 75 0e 48 8b
  0x00007ffffafc174e:   0d 8d c6 8d 00 e8 98 be 3f 00 eb 03 49 8b c4 48
  0x00007ffffafc175e:   c7 c3 ff ff ff ff 48 8b d3 48 ff c2 80 3c 10 00
  0x00007ffffafc176e:   75 f7 4c 8d 44 24 58 48 8b c8 e8 33 fb 3f 00 48
  0x00007ffffafc177e:   8b f8 48 85 c0 74 10 8b 08 66 83 f9 01 75 08 48
  0x00007ffffafc178e:   8b c8 e8 0b ce 3f 00 48 ff c3 41 80 3c 1f 00 75
  0x00007ffffafc179e:   f6 4c 8d 44 24 5c 8b d3 49 8b cf e8 02 fb 3f 00
  0x00007ffffafc17ae:   4c 8b f0 48 85 c0 74 10 8b 08 66 83 f9 01 75 08
  0x00007ffffafc17be:   48 8b c8 e8 da cd 3f 00 48 85 ff 0f 84 9d 02 00
  0x00007ffffafc17ce:   00 4d 85 f6 0f 84 94 02 00 00 48 8b c6 83 e0 03
  0x00007ffffafc17de:   48 83 f8 01 75 12 48 8b 05 ed 3c 83 00 48 8d 4e
  0x00007ffffafc17ee:   ff ff d0 48 8b d8 eb 1b 48 83 f8 02 75 12 48 8b
  0x00007ffffafc17fe:   05 1d 98 82 00 48 8d 4e fe ff d0 48 8b d8 eb 03
=>0x00007ffffafc180e:   48 8b 1e 8b 15 61 c3 89 00 48 8b cb e8 f1 f9 2a
  0x00007ffffafc181e:   00 8b 15 53 c3 89 00 48 8b cb 48 8b f0 e8 e0 f9
  0x00007ffffafc182e:   2a 00 48 8b ce 48 85 c0 0f 85 c6 00 00 00 49 8b
  0x00007ffffafc183e:   9d 90 03 00 00 48 8b 43 18 48 8b 6b 20 48 89 44
  0x00007ffffafc184e:   24 38 48 8b 43 28 48 89 44 24 48 48 8b 43 08 48
  0x00007ffffafc185e:   89 44 24 40 48 8b 06 ff 90 10 01 00 00 80 7c 24
  0x00007ffffafc186e:   30 00 4c 8d 05 f9 97 52 00 4c 8b c8 4c 89 7c 24
  0x00007ffffafc187e:   28 48 8d 05 c2 9b 52 00 4c 89 64 24 20 4c 0f 45
  0x00007ffffafc188e:   c0 48 8d 15 9a 16 64 00 48 8d 4c 24 60 e8 70 2e
  0x00007ffffafc189e:   be ff 4c 8b 0d 79 be 8d 00 48 8d 15 e2 15 64 00
  0x00007ffffafc18ae:   49 8b cd 4c 8b 00 4c 89 44 24 20 41 b8 38 04 00
  0x00007ffffafc18be:   00 e8 fc c7 e9 ff 48 8b 74 24 38 48 83 3e 00 74
  0x00007ffffafc18ce:   15 48 8b 54 24 40 48 8b cb e8 e4 c2 c0 ff 48 8b
  0x00007ffffafc18de:   ce e8 bc c2 c0 ff 48 39 6b 20 74 2b 48 8b 44 24
  0x00007ffffafc18ee:   48 48 89 43 28 48 89 73 18 48 89 6b 20 33 db e9
  0x00007ffffafc18fe:   92 01 00 00 48 8b 06 49 8b d5 ff 90 b0 00 00 00


Stack slot to memory mapping:

stack at sp + 0 slots: 0x0000000000000005 is an unknown value
stack at sp + 1 slots: 0x0 is null
stack at sp + 2 slots: 0x000000003b4d3aa0 is pointing into metadata
stack at sp + 3 slots: 0x0000026a206003a0 points into unknown readable memory: 0x0000026a20600a02 | 02 0a 60 20 6a 02 00 00
stack at sp + 4 slots: 0x0000026a1f082870 points into unknown readable memory: 0x0000000000000000 | 00 00 00 00 00 00 00 00
stack at sp + 5 slots: 0x0000026a1f0828b0 points into unknown readable memory: 0x000000050514aba0 | a0 ab 14 05 05 00 00 00
stack at sp + 6 slots: 0x0000026a1f082900 points into unknown readable memory: 0x0000000505214ca8 | a8 4c 21 05 05 00 00 00
stack at sp + 7 slots: 0x00000000000000d8 is an unknown value

Lock stack of current Java thread (top to bottom):

native method entry point (kind = native)  [0x0000026a0753d220, 0x0000026a0753de18]  3064 bytes

Loading hsdis library failed, undisassembled code is shown in MachCode section
[MachCode]
  0x0000026a0753d220: 488b 4b08 | 0fb7 492e | 584c 8d74 | ccf8 6800 | 0000 0068 | 0000 0000 | 5055 488b | ec41 5548 
  0x0000026a0753d240: 8b43 084c | 8d68 3848 | 8b40 0868 | 0000 0000 | 5348 8b50 | 1848 8b52 | 7048 8b12 | 5248 8b53 
  0x0000026a0753d260: 1048 85d2 | 7407 4881 | c2d0 0000 | 0052 488b | 5010 5249 | 8bc6 482b | c548 c1e8 | 0350 6800 
  0x0000026a0753d280: 0000 0068 | f7ff ffff | 41c6 87ca | 0400 0001 | 488b 4310 | 4885 c074 | 208b 8890 | 0000 0083 
  0x0000026a0753d2a0: c102 8988 | 9000 0000 | 2388 a400 | 0000 0f84 | b30a 0000 | e9cf 0000 | 0048 8b43 | 1848 85c0 
  0x0000026a0753d2c0: 0f85 b000 | 0000 e805 | 0000 00e9 | 9900 0000 | 488b d348 | 8d44 2408 | 4c89 6dc0 | 498b cfc5 
  0x0000026a0753d2e0: f877 4989 | af20 0400 | 0049 8987 | 1004 0000 | 4883 ec20 | 40f6 c40f | 0f84 1900 | 0000 4883 
  0x0000026a0753d300: ec08 48b8 | 5073 f3fa | ff7f 0000 | ffd0 4883 | c408 e90c | 0000 0048 | b850 73f3 | faff 7f00 
  0x0000026a0753d320: 00ff d048 | 83c4 2049 | c787 1004 | 0000 0000 | 0000 49c7 | 8720 0400 | 0000 0000 | 0049 c787 
  0x0000026a0753d340: 1804 0000 | 0000 0000 | c5f8 7749 | 837f 0800 | 0f84 0500 | 0000 e985 | 44ff ff4c | 8b6d c04c 
  0x0000026a0753d360: 8b75 c84e | 8d74 f500 | c348 8b43 | 1848 85c0 | 0f84 1200 | 0000 8b48 | 0883 c102 | 8948 0823 
  0x0000026a0753d380: 482c 0f84 | df09 0000 | 493b a750 | 0500 000f | 8748 0000 | 0089 8424 | 00f0 ffff | 8984 2400 
  0x0000026a0753d3a0: e0ff ff89 | 8424 00d0 | ffff 8984 | 2400 c0ff | ff89 8424 | 00b0 ffff | 8984 2400 | a0ff ff89 
  0x0000026a0753d3c0: 8424 0090 | ffff 8984 | 2400 80ff | ff49 3ba7 | 4805 0000 | 7607 4989 | a750 0500 | 0041 c687 
  0x0000026a0753d3e0: ca04 0000 | 0048 8b5d | e84c 8b5b | 0845 0fb7 | 5b2e 41c1 | e303 492b | e348 83ec | 2048 83e4 
  0x0000026a0753d400: f04c 8b5b | 604d 85db | 0f85 ab00 | 0000 e805 | 0000 00e9 | 9900 0000 | 488b d348 | 8d44 2408 
  0x0000026a0753d420: 4c89 6dc0 | 498b cfc5 | f877 4989 | af20 0400 | 0049 8987 | 1004 0000 | 4883 ec20 | 40f6 c40f 
  0x0000026a0753d440: 0f84 1900 | 0000 4883 | ec08 48b8 | 109d f3fa | ff7f 0000 | ffd0 4883 | c408 e90c | 0000 0048 
  0x0000026a0753d460: b810 9df3 | faff 7f00 | 00ff d048 | 83c4 2049 | c787 1004 | 0000 0000 | 0000 49c7 | 8720 0400 
  0x0000026a0753d480: 0000 0000 | 0049 c787 | 1804 0000 | 0000 0000 | c5f8 7749 | 837f 0800 | 0f84 0500 | 0000 e93d 
  0x0000026a0753d4a0: 43ff ff4c | 8b6d c04c | 8b75 c84e | 8d74 f500 | c348 8b5d | e84c 8b5b | 6041 ffd3 | 488b 5de8 
  0x0000026a0753d4c0: 4889 4518 | 440f b75b | 2c41 f6c3 | 080f 841b | 0000 004c | 8b5b 084d | 8b5b 084d | 8b5b 184d 
  0x0000026a0753d4e0: 8b5b 704d | 8b1b 4c89 | 5d10 488d | 5510 488b | 4358 49ba | b04e 30fb | ff7f 0000 | 493b c20f 
  0x0000026a0753d500: 85ab 0000 | 00e8 0500 | 0000 e999 | 0000 0048 | 8bd3 488d | 4424 084c | 896d c049 | 8bcf c5f8 
  0x0000026a0753d520: 7749 89af | 2004 0000 | 4989 8710 | 0400 0048 | 83ec 2040 | f6c4 0f0f | 8419 0000 | 0048 83ec 
  0x0000026a0753d540: 0848 b810 | 9df3 faff | 7f00 00ff | d048 83c4 | 08e9 0c00 | 0000 48b8 | 109d f3fa | ff7f 0000 
  0x0000026a0753d560: ffd0 4883 | c420 49c7 | 8710 0400 | 0000 0000 | 0049 c787 | 2004 0000 | 0000 0000 | 49c7 8718 
  0x0000026a0753d580: 0400 0000 | 0000 00c5 | f877 4983 | 7f08 000f | 8405 0000 | 00e9 4642 | ffff 4c8b | 6dc0 4c8b 
  0x0000026a0753d5a0: 75c8 4e8d | 74f5 00c3 | 488b 5de8 | 488b 4358 | 498d 8f30 | 0400 004c | 8d15 d500 | 0000 4d89 
  0x0000026a0753d5c0: 9718 0400 | 00c5 f877 | 4989 af20 | 0400 0049 | 89a7 1004 | 0000 41c7 | 87ac 0400 | 0004 0000 
  0x0000026a0753d5e0: 0049 3ba7 | a805 0000 | 7607 4989 | a7a8 0500 | 00ff d049 | 3ba7 a805 | 0000 720b | 49c7 87a8 
  0x0000026a0753d600: 0500 0000 | 0000 00c5 | f877 4883 | ec10 c5fb | 1104 2448 | 83ec 1048 | 8904 2448 | c744 2408 
  0x0000026a0753d620: 0000 0000 | 41c7 87ac | 0400 0005 | 0000 00f0 | 8344 24c0 | 0049 3b6f | 280f 870e | 0000 0041 
  0x0000026a0753d640: 83bf a804 | 0000 000f | 8420 0000 | 0049 8bcf | 4c8b e448 | 83ec 2048 | 83e4 f048 | b860 05f5 
  0x0000026a0753d660: faff 7f00 | 00ff d049 | 8be4 4d33 | e441 c787 | ac04 0000 | 0800 0000 | 4d8b 97c0 | 0500 0049 
  0x0000026a0753d680: 83fa 0074 | 3549 c787 | c005 0000 | 0000 0000 | 41ff e249 | ba60 c153 | 076a 0200 | 0041 ffd2 
  0x0000026a0753d6a0: 4883 ec10 | c5fb 1104 | 2448 83ec | 1048 8904 | 2448 c744 | 2408 0000 | 0000 49c7 | 8710 0400 
  0x0000026a0753d6c0: 0000 0000 | 0049 c787 | 2004 0000 | 0000 0000 | 49c7 8718 | 0400 0000 | 0000 00c5 | f877 4d8b 
  0x0000026a0753d6e0: 9f90 0400 | 0041 c783 | 0001 0000 | 0000 0000 | 49bb 5aaa | 5307 6a02 | 0000 4c3b | 5d18 0f85 
  0x0000026a0753d700: 5602 0000 | 488b 0424 | 4883 c410 | 4885 c00f | 8430 0200 | 00a8 030f | 8508 0000 | 0048 8b00 
  0x0000026a0753d720: e920 0200 | 00a8 010f | 8509 0000 | 0048 8b40 | fee9 0f02 | 0000 488b | 40ff 4180 | 7f48 000f 
  0x0000026a0753d740: 8400 0200 | 0048 85c0 | 0f84 f701 | 0000 4d8b | 5f38 4d85 | db74 1449 | 83eb 084d | 895f 384d 
  0x0000026a0753d760: 035f 4049 | 8903 e9da | 0100 0048 | 81ec f000 | 0000 4889 | 0424 4889 | 4c24 0848 | 8954 2410 
  0x0000026a0753d780: 4c89 4424 | 184c 894c | 2420 4c89 | 5424 284c | 895c 2430 | c5fb 1144 | 2440 c5fb | 114c 2448 
  0x0000026a0753d7a0: c5fb 1154 | 2450 c5fb | 115c 2458 | c5fb 1164 | 2460 c5fb | 116c 2468 | 62e1 ff08 | 1144 240e 
  0x0000026a0753d7c0: 62e1 ff08 | 114c 240f | 62e1 ff08 | 1154 2410 | 62e1 ff08 | 115c 2411 | 62e1 ff08 | 1164 2412 
  0x0000026a0753d7e0: 62e1 ff08 | 116c 2413 | 62e1 ff08 | 1174 2414 | 62e1 ff08 | 117c 2415 | 6261 ff08 | 1144 2416 
  0x0000026a0753d800: 6261 ff08 | 114c 2417 | 6261 ff08 | 1154 2418 | 6261 ff08 | 115c 2419 | 6261 ff08 | 1164 241a 
  0x0000026a0753d820: 6261 ff08 | 116c 241b | 6261 ff08 | 1174 241c | 6261 ff08 | 117c 241d | 498b d748 | 8bc8 4883 
  0x0000026a0753d840: ec20 40f6 | c40f 0f84 | 1900 0000 | 4883 ec08 | 48b8 90ac | e7fa ff7f | 0000 ffd0 | 4883 c408 
  0x0000026a0753d860: e90c 0000 | 0048 b890 | ace7 faff | 7f00 00ff | d048 83c4 | 2062 61ff | 0810 7c24 | 1d62 61ff 
  0x0000026a0753d880: 0810 7424 | 1c62 61ff | 0810 6c24 | 1b62 61ff | 0810 6424 | 1a62 61ff | 0810 5c24 | 1962 61ff 
  0x0000026a0753d8a0: 0810 5424 | 1862 61ff | 0810 4c24 | 1762 61ff | 0810 4424 | 1662 e1ff | 0810 7c24 | 1562 e1ff 
  0x0000026a0753d8c0: 0810 7424 | 1462 e1ff | 0810 6c24 | 1362 e1ff | 0810 6424 | 1262 e1ff | 0810 5c24 | 1162 e1ff 
  0x0000026a0753d8e0: 0810 5424 | 1062 e1ff | 0810 4c24 | 0f62 e1ff | 0810 4424 | 0ec5 fb10 | 6c24 68c5 | fb10 6424 
  0x0000026a0753d900: 60c5 fb10 | 5c24 58c5 | fb10 5424 | 50c5 fb10 | 4c24 48c5 | fb10 4424 | 404c 8b5c | 2430 4c8b 
  0x0000026a0753d920: 5424 284c | 8b4c 2420 | 4c8b 4424 | 1848 8b54 | 2410 488b | 4c24 0848 | 8b04 2448 | 81c4 f000 
  0x0000026a0753d940: 0000 c5f8 | 7748 8945 | 1048 83ec | 1048 8904 | 2448 c744 | 2408 0000 | 0000 4183 | bf30 0500 
  0x0000026a0753d960: 0002 0f85 | bf00 0000 | 4881 ec80 | 0000 0048 | 8944 2478 | 4889 4c24 | 7048 8954 | 2468 4889 
  0x0000026a0753d980: 5c24 6048 | 896c 2450 | 4889 7424 | 4848 897c | 2440 4c89 | 4424 384c | 894c 2430 | 4c89 5424 
  0x0000026a0753d9a0: 284c 895c | 2420 4c89 | 6424 184c | 896c 2410 | 4c89 7424 | 084c 893c | 244c 8be4 | 4883 ec20 
  0x0000026a0753d9c0: 4883 e4f0 | 48b8 3036 | 30fb ff7f | 0000 ffd0 | 498b e44c | 8b3c 244c | 8b74 2408 | 4c8b 6c24 
  0x0000026a0753d9e0: 104c 8b64 | 2418 4c8b | 5c24 204c | 8b54 2428 | 4c8b 4c24 | 304c 8b44 | 2438 488b | 7c24 4048 
  0x0000026a0753da00: 8b74 2448 | 488b 6c24 | 5048 8b5c | 2460 488b | 5424 6848 | 8b4c 2470 | 488b 4424 | 7848 81c4 
  0x0000026a0753da20: 8000 0000 | 4d33 e448 | 8b5d e84c | 8b6b 084d | 8d6d 3849 | 837f 0800 | 0f84 bb00 | 0000 e805 
  0x0000026a0753da40: 0000 00e9 | 9600 0000 | 488d 4424 | 084c 896d | c049 8bcf | c5f8 7749 | 89af 2004 | 0000 4989 
  0x0000026a0753da60: 8710 0400 | 0048 83ec | 2040 f6c4 | 0f0f 8419 | 0000 0048 | 83ec 0848 | b840 bbf3 | faff 7f00 
  0x0000026a0753da80: 00ff d048 | 83c4 08e9 | 0c00 0000 | 48b8 40bb | f3fa ff7f | 0000 ffd0 | 4883 c420 | 49c7 8710 
  0x0000026a0753daa0: 0400 0000 | 0000 0049 | c787 2004 | 0000 0000 | 0000 49c7 | 8718 0400 | 0000 0000 | 00c5 f877 
  0x0000026a0753dac0: 4983 7f08 | 000f 8405 | 0000 00e9 | 103d ffff | 4c8b 6dc0 | 4c8b 75c8 | 4e8d 74f5 | 00c3 48b9 
  0x0000026a0753dae0: 2872 5bfb | ff7f 0000 | 4883 e4f0 | 48b8 40e4 | 1cfb ff7f | 0000 ffd0 | f444 0fb7 | 5b2c 41f6 
  0x0000026a0753db00: c320 0f84 | 7201 0000 | 488d 55a8 | 4c8b 5a08 | 4d85 db0f | 85bb 0000 | 00e8 0500 | 0000 e996 
  0x0000026a0753db20: 0000 0048 | 8d44 2408 | 4c89 6dc0 | 498b cfc5 | f877 4989 | af20 0400 | 0049 8987 | 1004 0000 
  0x0000026a0753db40: 4883 ec20 | 40f6 c40f | 0f84 1900 | 0000 4883 | ec08 48b8 | 70ba f3fa | ff7f 0000 | ffd0 4883 
  0x0000026a0753db60: c408 e90c | 0000 0048 | b870 baf3 | faff 7f00 | 00ff d048 | 83c4 2049 | c787 1004 | 0000 0000 
  0x0000026a0753db80: 0000 49c7 | 8720 0400 | 0000 0000 | 0049 c787 | 1804 0000 | 0000 0000 | c5f8 7749 | 837f 0800 
  0x0000026a0753dba0: 0f84 0500 | 0000 e935 | 3cff ff4c | 8b6d c04c | 8b75 c84e | 8d74 f500 | c348 b928 | 725b fbff 
  0x0000026a0753dbc0: 7f00 0048 | 83e4 f048 | b840 e41c | fbff 7f00 | 00ff d0f4 | 4c89 6dc0 | 4c8b 4a08 | 48c7 4208 
  0x0000026a0753dbe0: 0000 0000 | 458b 87c8 | 0600 004f | 3b4c 07f8 | 0f85 4200 | 0000 4183 | afc8 0600 | 0008 4f3b 
  0x0000026a0753dc00: 4c07 f00f | 842a 0000 | 0049 8b01 | a802 0f85 | 1200 0000 | 4c8b c049 | 83c8 01f0 | 4d0f b101 
  0x0000026a0753dc20: 0f84 0d00 | 0000 4183 | 87c8 0600 | 0008 e905 | 0000 00e9 | 3e00 0000 | 4c89 4a08 | 488b ca48 
  0x0000026a0753dc40: 83ec 2040 | f6c4 0f0f | 8419 0000 | 0048 83ec | 0848 b8a0 | 8cf3 faff | 7f00 00ff | d048 83c4 
  0x0000026a0753dc60: 08e9 0c00 | 0000 48b8 | a08c f3fa | ff7f 0000 | ffd0 4883 | c420 4c8b | 6dc0 41c6 | 877e 0300 
  0x0000026a0753dc80: 0001 493b | 6f28 0f87 | 0500 0000 | e9ab 0000 | 0048 83ec | 10c5 fb11 | 0424 4883 | ec10 4889 
  0x0000026a0753dca0: 0424 48c7 | 4424 0800 | 0000 00c5 | f877 4989 | af20 0400 | 0049 baab | dc53 076a | 0200 004d 
  0x0000026a0753dcc0: 8997 1804 | 0000 4989 | a710 0400 | 0049 8bcf | 4883 ec20 | 40f6 c40f | 0f84 1900 | 0000 4883 
  0x0000026a0753dce0: ec08 48b8 | e072 f3fa | ff7f 0000 | ffd0 4883 | c408 e90c | 0000 0048 | b8e0 72f3 | faff 7f00 
  0x0000026a0753dd00: 00ff d048 | 83c4 2049 | c787 1004 | 0000 0000 | 0000 49c7 | 8720 0400 | 0000 0000 | 0049 c787 
  0x0000026a0753dd20: 1804 0000 | 0000 0000 | c5f8 7748 | 8b04 2448 | 83c4 10c5 | fb10 0424 | 4883 c410 | 488b 0424 
  0x0000026a0753dd40: 4883 c410 | c5fb 1004 | 2448 83c4 | 104c 8b5d | 1841 ffd3 | 4c8b 5df8 | c941 c687 | 7e03 0000 
  0x0000026a0753dd60: 005f 498b | e3ff e7ba | 0000 0000 | e805 0000 | 00e9 9600 | 0000 488d | 4424 084c | 896d c049 
  0x0000026a0753dd80: 8bcf c5f8 | 7749 89af | 2004 0000 | 4989 8710 | 0400 0048 | 83ec 2040 | f6c4 0f0f | 8419 0000 
  0x0000026a0753dda0: 0048 83ec | 0848 b8a0 | 82f3 faff | 7f00 00ff | d048 83c4 | 08e9 0c00 | 0000 48b8 | a082 f3fa 
  0x0000026a0753ddc0: ff7f 0000 | ffd0 4883 | c420 49c7 | 8710 0400 | 0000 0000 | 0049 c787 | 2004 0000 | 0000 0000 
  0x0000026a0753dde0: 49c7 8718 | 0400 0000 | 0000 00c5 | f877 4983 | 7f08 000f | 8405 0000 | 00e9 e239 | ffff 4c8b 
  0x0000026a0753de00: 6dc0 4c8b | 75c8 4e8d | 74f5 00c3 | 488b 5de8 | e973 f5ff | ff66 6690 
[/MachCode]

Compiled method (c1) 6875 3329       3       javafx.beans.property.ReadOnlyObjectWrapper::fireValueChangedEvent (19 bytes)
 total in heap  [0x0000026a004ec088,0x0000026a004ec6a0] = 1560
 main code      [0x0000026a004ec180,0x0000026a004ec648] = 1224
 stub code      [0x0000026a004ec648,0x0000026a004ec698] = 80
 oops           [0x0000026a004ec698,0x0000026a004ec6a0] = 8
 mutable data [0x0000026a2c844d30,0x0000026a2c844dd0] = 160
 relocation     [0x0000026a2c844d30,0x0000026a2c844da8] = 120
 metadata       [0x0000026a2c844da8,0x0000026a2c844dd0] = 40
 immutable data [0x0000026a2358db30,0x0000026a2358dc84] = 340
 dependencies   [0x0000026a2358db30,0x0000026a2358db40] = 16
 nul chk table  [0x0000026a2358db40,0x0000026a2358db60] = 32
 scopes pcs     [0x0000026a2358db60,0x0000026a2358dc20] = 192
 scopes data    [0x0000026a2358dc20,0x0000026a2358dc80] = 96

[Constant Pool (empty)]


Loading hsdis library failed, undisassembled code is shown in MachCode section
[MachCode]
[Instructions begin]
  0x0000026a004ec180: 6666 660f | 1f84 0000 | 0000 0066 | 6666 9066 | 6690 448b | 5208 443b 

  0x0000026a004ec198: ;   {runtime_call Shared Runtime ic_miss_blob}
  0x0000026a004ec198: 5008 0f85 | 402e 0907 
[Verified Entry Point]
  0x0000026a004ec1a0: 8984 2400 | 80ff ff55 | 4883 ec40 | 4181 7f20 | 0300 0000 

  0x0000026a004ec1b4: ;   {runtime_call Stub::Stub Generator method_entry_barrier_stub}
  0x0000026a004ec1b4: 7405 e865 

  0x0000026a004ec1b8: ;   {metadata(method data for {method} {0x0000026a1b62d9c8} 'fireValueChangedEvent' '()V' in 'javafx/beans/property/ReadOnlyObjectWrapper')}
  0x0000026a004ec1b8: a107 0748 | bea8 7d5a | 1c6a 0200 | 008b be90 | 0000 0083 | c702 89be | 9000 0000 | 81e7 fe07 
  0x0000026a004ec1d8: 0000 85ff | 0f84 7203 | 0000 488b 

  0x0000026a004ec1e4: ;   {metadata(method data for {method} {0x0000026a1b62d9c8} 'fireValueChangedEvent' '()V' in 'javafx/beans/property/ReadOnlyObjectWrapper')}
  0x0000026a004ec1e4: f248 bfa8 | 7d5a 1c6a | 0200 0048 | 8387 d800 

  0x0000026a004ec1f4: ;   {metadata(method data for {method} {0x0000026a1b48b710} 'fireValueChangedEvent' '()V' in 'javafx/beans/property/ObjectPropertyBase')}
  0x0000026a004ec1f4: 0000 0148 | be80 f243 | 1c6a 0200 | 008b be90 | 0000 0083 | c702 89be | 9000 0000 | 81e7 feff 
  0x0000026a004ec214: 1f00 85ff | 0f84 5703 | 0000 8b72 | 1c48 c1e6 

  0x0000026a004ec224: ;   {metadata(method data for {method} {0x0000026a1b48b710} 'fireValueChangedEvent' '()V' in 'javafx/beans/property/ObjectPropertyBase')}
  0x0000026a004ec224: 0348 bf80 | f243 1c6a | 0200 0048 | 8387 d800 

  0x0000026a004ec234: ;   {metadata(method data for {method} {0x0000026a1b63fe08} 'fireValueChangedEvent' '(Lcom/sun/javafx/binding/ExpressionHelper;)V' in 'com/sun/javafx/binding/ExpressionHelper')}
  0x0000026a004ec234: 0000 0148 | bfa0 f9be | 1b6a 0200 | 008b 9f90 | 0000 0083 | c302 899f | 9000 0000 | 81e3 feff 
  0x0000026a004ec254: 1f00 85db | 0f84 3803 | 0000 4885 

  0x0000026a004ec260: ;   {metadata(method data for {method} {0x0000026a1b63fe08} 'fireValueChangedEvent' '(Lcom/sun/javafx/binding/ExpressionHelper;)V' in 'com/sun/javafx/binding/ExpressionHelper')}
  0x0000026a004ec260: f648 bfa0 | f9be 1b6a | 0200 00bb | d800 0000 | 7405 bbe8 | 0000 0048 | 8b04 1f48 | 8d40 0148 
  0x0000026a004ec280: 8904 1f48 | 8954 2430 | 0f84 ae00 | 0000 483b | 0648 8bfe 

  0x0000026a004ec294: ;   {metadata(method data for {method} {0x0000026a1b63fe08} 'fireValueChangedEvent' '(Lcom/sun/javafx/binding/ExpressionHelper;)V' in 'com/sun/javafx/binding/ExpressionHelper')}
  0x0000026a004ec294: 48bb a0f9 | be1b 6a02 | 0000 8b7f | 0841 ba00 | 0000 3b49 | 03fa 483b | bb00 0100 | 0075 0d48 
  0x0000026a004ec2b4: 8383 0801 | 0000 01e9 | 6000 0000 | 483b bb10 | 0100 0075 | 0d48 8383 | 1801 0000 | 01e9 4a00 
  0x0000026a004ec2d4: 0000 4883 | bb00 0100 | 0000 7517 | 4889 bb00 | 0100 0048 | c783 0801 | 0000 0100 | 0000 e929 
  0x0000026a004ec2f4: 0000 0048 | 83bb 1001 | 0000 0075 | 1748 89bb | 1001 0000 | 48c7 8318 | 0100 0001 | 0000 00e9 
  0x0000026a004ec314: 0800 0000 | 4883 83f8 | 0000 0001 | 488b d666 | 9048 b840 | ed48 236a 

  0x0000026a004ec32c: ;   {virtual_call}
  0x0000026a004ec32c: 0200 00e8 

  0x0000026a004ec330: ; ImmutableOopMap {[48]=Oop }
                      ;*invokevirtual fireValueChangedEvent {reexecute=0 rethrow=0 return_oop=0}
                      ; - com.sun.javafx.binding.ExpressionHelper::fireValueChangedEvent@5 (line 80)
                      ; - javafx.beans.property.ObjectPropertyBase::fireValueChangedEvent@4 (line 106)
                      ; - javafx.beans.property.ReadOnlyObjectWrapper::fireValueChangedEvent@1 (line 100)
  0x0000026a004ec330: 5d6d 0907 

  0x0000026a004ec334: ;   {post_call_nop}
  0x0000026a004ec334: 0f1f 8400 | ac02 0000 | 488b 5424 | 308b 5228 | 48c1 e203 

  0x0000026a004ec348: ;   {metadata(method data for {method} {0x0000026a1b62d9c8} 'fireValueChangedEvent' '()V' in 'javafx/beans/property/ReadOnlyObjectWrapper')}
  0x0000026a004ec348: 4885 d248 | bea8 7d5a | 1c6a 0200 | 00bf e800 | 0000 7405 | bff8 0000 | 0048 8b1c | 3e48 8d5b 
  0x0000026a004ec368: 0148 891c | 3e0f 84d1 | 0100 0048 | 3b02 488b 

  0x0000026a004ec378: ;   {metadata(method data for {method} {0x0000026a1b62d9c8} 'fireValueChangedEvent' '()V' in 'javafx/beans/property/ReadOnlyObjectWrapper')}
  0x0000026a004ec378: f248 bfa8 | 7d5a 1c6a | 0200 008b | 7608 41ba | 0000 003b | 4903 f248 | 3bb7 1001 | 0000 750d 
  0x0000026a004ec398: 4883 8718 | 0100 0001 | e960 0000 | 0048 3bb7 | 2001 0000 | 750d 4883 | 8728 0100 | 0001 e94a 
  0x0000026a004ec3b8: 0000 0048 | 83bf 1001 | 0000 0075 | 1748 89b7 | 1001 0000 | 48c7 8718 | 0100 0001 | 0000 00e9 
  0x0000026a004ec3d8: 2900 0000 | 4883 bf20 | 0100 0000 | 7517 4889 | b720 0100 | 0048 c787 | 2801 0000 | 0100 0000 
  0x0000026a004ec3f8: e908 0000 | 0048 8387 | 0801 0000 

  0x0000026a004ec404: ;   {metadata(method data for {method} {0x0000026a1b4870e8} 'fireValueChangedEvent' '()V' in 'javafx/beans/property/ReadOnlyObjectPropertyBase')}
  0x0000026a004ec404: 0148 be00 | 805a 1c6a | 0200 008b | be90 0000 | 0083 c702 | 89be 9000 | 0000 81e7 | feff 1f00 
  0x0000026a004ec424: 85ff 0f84 | 9501 0000 | 8b52 0c48 

  0x0000026a004ec430: ;   {metadata(method data for {method} {0x0000026a1b4870e8} 'fireValueChangedEvent' '()V' in 'javafx/beans/property/ReadOnlyObjectPropertyBase')}
  0x0000026a004ec430: c1e2 0348 | be00 805a | 1c6a 0200 | 0048 8386 | d800 0000 

  0x0000026a004ec444: ;   {metadata(method data for {method} {0x0000026a1b63fe08} 'fireValueChangedEvent' '(Lcom/sun/javafx/binding/ExpressionHelper;)V' in 'com/sun/javafx/binding/ExpressionHelper')}
  0x0000026a004ec444: 0148 bea0 | f9be 1b6a | 0200 008b | be90 0000 | 0083 c702 | 89be 9000 | 0000 81e7 | feff 1f00 
  0x0000026a004ec464: 85ff 0f84 | 7601 0000 

  0x0000026a004ec46c: ;   {metadata(method data for {method} {0x0000026a1b63fe08} 'fireValueChangedEvent' '(Lcom/sun/javafx/binding/ExpressionHelper;)V' in 'com/sun/javafx/binding/ExpressionHelper')}
  0x0000026a004ec46c: 4885 d248 | bea0 f9be | 1b6a 0200 | 00bf d800 | 0000 7405 | bfe8 0000 | 0048 8b1c | 3e48 8d5b 
  0x0000026a004ec48c: 0148 891c | 3e0f 84ad | 0000 0048 | 3b02 488b 

  0x0000026a004ec49c: ;   {metadata(method data for {method} {0x0000026a1b63fe08} 'fireValueChangedEvent' '(Lcom/sun/javafx/binding/ExpressionHelper;)V' in 'com/sun/javafx/binding/ExpressionHelper')}
  0x0000026a004ec49c: f248 bfa0 | f9be 1b6a | 0200 008b | 7608 41ba | 0000 003b | 4903 f248 | 3bb7 0001 | 0000 750d 
  0x0000026a004ec4bc: 4883 8708 | 0100 0001 | e960 0000 | 0048 3bb7 | 1001 0000 | 750d 4883 | 8718 0100 | 0001 e94a 
  0x0000026a004ec4dc: 0000 0048 | 83bf 0001 | 0000 0075 | 1748 89b7 | 0001 0000 | 48c7 8708 | 0100 0001 | 0000 00e9 
  0x0000026a004ec4fc: 2900 0000 | 4883 bf10 | 0100 0000 | 7517 4889 | b710 0100 | 0048 c787 | 1801 0000 | 0100 0000 
  0x0000026a004ec51c: e908 0000 | 0048 8387 | f800 0000 | 010f 1f40 | 0048 b868 | ed48 236a 

  0x0000026a004ec534: ;   {virtual_call}
  0x0000026a004ec534: 0200 00e8 

  0x0000026a004ec538: ; ImmutableOopMap {}
                      ;*invokevirtual fireValueChangedEvent {reexecute=0 rethrow=0 return_oop=0}
                      ; - com.sun.javafx.binding.ExpressionHelper::fireValueChangedEvent@5 (line 80)
                      ; - javafx.beans.property.ReadOnlyObjectPropertyBase::fireValueChangedEvent@4 (line 80)
                      ; - javafx.beans.property.ReadOnlyObjectWrapper::fireValueChangedEvent@15 (line 102)
  0x0000026a004ec538: c4c9 1707 

  0x0000026a004ec53c: ;   {post_call_nop}
  0x0000026a004ec53c: 0f1f 8400 | b404 0001 | 4883 c440 

  0x0000026a004ec548: ;   {poll_return}
  0x0000026a004ec548: 5d49 3b67 | 280f 87b5 | 0000 00c3 

  0x0000026a004ec554: ;   {metadata({method} {0x0000026a1b62d9c8} 'fireValueChangedEvent' '()V' in 'javafx/beans/property/ReadOnlyObjectWrapper')}
  0x0000026a004ec554: 49ba c0d9 | 621b 6a02 | 0000 4c89 | 5424 0848 | c704 24ff 

  0x0000026a004ec568: ;   {runtime_call C1 Runtime counter_overflow_blob}
  0x0000026a004ec568: ffff ffe8 

  0x0000026a004ec56c: ; ImmutableOopMap {rdx=Oop }
                      ;*synchronization entry
                      ; - javafx.beans.property.ReadOnlyObjectWrapper::fireValueChangedEvent@-1 (line 100)
  0x0000026a004ec56c: 7027 1707 | e96d fcff 

  0x0000026a004ec574: ;   {metadata({method} {0x0000026a1b48b710} 'fireValueChangedEvent' '()V' in 'javafx/beans/property/ObjectPropertyBase')}
  0x0000026a004ec574: ff49 ba08 | b748 1b6a | 0200 004c | 8954 2408 | 48c7 0424 | ffff ffff 

  0x0000026a004ec58c: ;   {runtime_call C1 Runtime counter_overflow_blob}
  0x0000026a004ec58c: e84f 2717 

  0x0000026a004ec590: ; ImmutableOopMap {rdx=Oop }
                      ;*synchronization entry
                      ; - javafx.beans.property.ObjectPropertyBase::fireValueChangedEvent@-1 (line 106)
                      ; - javafx.beans.property.ReadOnlyObjectWrapper::fireValueChangedEvent@1 (line 100)
  0x0000026a004ec590: 07e9 88fc 

  0x0000026a004ec594: ;   {metadata({method} {0x0000026a1b63fe08} 'fireValueChangedEvent' '(Lcom/sun/javafx/binding/ExpressionHelper;)V' in 'com/sun/javafx/binding/ExpressionHelper')}
  0x0000026a004ec594: ffff 49ba | 00fe 631b | 6a02 0000 | 4c89 5424 | 0848 c704 | 24ff ffff 

  0x0000026a004ec5ac: ;   {runtime_call C1 Runtime counter_overflow_blob}
  0x0000026a004ec5ac: ffe8 2e27 

  0x0000026a004ec5b0: ; ImmutableOopMap {rdx=Oop rsi=Oop }
                      ;*synchronization entry
                      ; - com.sun.javafx.binding.ExpressionHelper::fireValueChangedEvent@-1 (line 79)
                      ; - javafx.beans.property.ObjectPropertyBase::fireValueChangedEvent@4 (line 106)
                      ; - javafx.beans.property.ReadOnlyObjectWrapper::fireValueChangedEvent@1 (line 100)
  0x0000026a004ec5b0: 1707 e9a7 

  0x0000026a004ec5b4: ;   {runtime_call C1 Runtime throw_null_pointer_exception_blob}
  0x0000026a004ec5b4: fcff ffe8 

  0x0000026a004ec5b8: ; ImmutableOopMap {rsi=Oop [48]=Oop }
                      ;*invokevirtual fireValueChangedEvent {reexecute=0 rethrow=0 return_oop=0}
                      ; - com.sun.javafx.binding.ExpressionHelper::fireValueChangedEvent@5 (line 80)
                      ; - javafx.beans.property.ObjectPropertyBase::fireValueChangedEvent@4 (line 106)
                      ; - javafx.beans.property.ReadOnlyObjectWrapper::fireValueChangedEvent@1 (line 100)
  0x0000026a004ec5b8: a4b3 1607 

  0x0000026a004ec5bc: ;   {runtime_call C1 Runtime throw_null_pointer_exception_blob}
  0x0000026a004ec5bc: e89f b316 

  0x0000026a004ec5c0: ; ImmutableOopMap {rdx=Oop }
                      ;*invokevirtual fireValueChangedEvent {reexecute=0 rethrow=0 return_oop=0}
                      ; - javafx.beans.property.ReadOnlyObjectWrapper::fireValueChangedEvent@15 (line 102)
                      ;   {metadata({method} {0x0000026a1b4870e8} 'fireValueChangedEvent' '()V' in 'javafx/beans/property/ReadOnlyObjectPropertyBase')}
  0x0000026a004ec5c0: 0749 bae0 | 7048 1b6a | 0200 004c | 8954 2408 | 48c7 0424 | ffff ffff 

  0x0000026a004ec5d8: ;   {runtime_call C1 Runtime counter_overflow_blob}
  0x0000026a004ec5d8: e803 2717 

  0x0000026a004ec5dc: ; ImmutableOopMap {rdx=Oop }
                      ;*synchronization entry
                      ; - javafx.beans.property.ReadOnlyObjectPropertyBase::fireValueChangedEvent@-1 (line 80)
                      ; - javafx.beans.property.ReadOnlyObjectWrapper::fireValueChangedEvent@15 (line 102)
  0x0000026a004ec5dc: 07e9 4afe 

  0x0000026a004ec5e0: ;   {metadata({method} {0x0000026a1b63fe08} 'fireValueChangedEvent' '(Lcom/sun/javafx/binding/ExpressionHelper;)V' in 'com/sun/javafx/binding/ExpressionHelper')}
  0x0000026a004ec5e0: ffff 49ba | 00fe 631b | 6a02 0000 | 4c89 5424 | 0848 c704 | 24ff ffff 

  0x0000026a004ec5f8: ;   {runtime_call C1 Runtime counter_overflow_blob}
  0x0000026a004ec5f8: ffe8 e226 

  0x0000026a004ec5fc: ; ImmutableOopMap {rdx=Oop }
                      ;*synchronization entry
                      ; - com.sun.javafx.binding.ExpressionHelper::fireValueChangedEvent@-1 (line 79)
                      ; - javafx.beans.property.ReadOnlyObjectPropertyBase::fireValueChangedEvent@4 (line 80)
                      ; - javafx.beans.property.ReadOnlyObjectWrapper::fireValueChangedEvent@15 (line 102)
  0x0000026a004ec5fc: 1707 e969 

  0x0000026a004ec600: ;   {runtime_call C1 Runtime throw_null_pointer_exception_blob}
  0x0000026a004ec600: feff ffe8 

  0x0000026a004ec604: ; ImmutableOopMap {rdx=Oop }
                      ;*invokevirtual fireValueChangedEvent {reexecute=0 rethrow=0 return_oop=0}
                      ; - com.sun.javafx.binding.ExpressionHelper::fireValueChangedEvent@5 (line 80)
                      ; - javafx.beans.property.ReadOnlyObjectPropertyBase::fireValueChangedEvent@4 (line 80)
                      ; - javafx.beans.property.ReadOnlyObjectWrapper::fireValueChangedEvent@15 (line 102)
  0x0000026a004ec604: 58b3 1607 

  0x0000026a004ec608: ;   {internal_word}
  0x0000026a004ec608: 49ba 49c5 | 4e00 6a02 | 0000 4d89 | 97b8 0400 

  0x0000026a004ec618: ;   {runtime_call SafepointBlob}
  0x0000026a004ec618: 00e9 425f | 0907 498b | 8768 0500 | 0049 c787 | 6805 0000 | 0000 0000 | 49c7 8770 | 0500 0000 
  0x0000026a004ec638: 0000 0048 | 83c4 405d 

  0x0000026a004ec640: ;   {runtime_call C1 Runtime unwind_exception_blob}
  0x0000026a004ec640: e99b 9f16 | 07f4 f4f4 
[Stub Code]
  0x0000026a004ec648: ;   {other}
  0x0000026a004ec648: 0f1f 4400 

  0x0000026a004ec64c: ;   {static_stub}
  0x0000026a004ec64c: 0048 bb00 | 0000 0000 

  0x0000026a004ec654: ;   {runtime_call nmethod}
  0x0000026a004ec654: 0000 00e9 | fbff ffff 

  0x0000026a004ec65c: ;   {static_stub}
  0x0000026a004ec65c: 9048 bb00 | 0000 0000 

  0x0000026a004ec664: ;   {runtime_call nmethod}
  0x0000026a004ec664: 0000 00e9 | fbff ffff 
[Exception Handler]
  0x0000026a004ec66c: ;   {runtime_call C1 Runtime handle_exception_from_callee_blob}
  0x0000026a004ec66c: e8ef d416 

  0x0000026a004ec670: ;   {external_word}
  0x0000026a004ec670: 0748 b928 | 725b fbff | 7f00 0048 

  0x0000026a004ec67c: ;   {runtime_call}
  0x0000026a004ec67c: 83e4 f048 | b840 e41c | fbff 7f00 | 00ff d0f4 

  0x0000026a004ec68c: ;   {runtime_call DeoptimizationBlob}
  0x0000026a004ec68c: e84f 4609 | 07eb f9f4 | f4f4 f4f4 
[/MachCode]


Compiled method (c1) 6889 2929       3       javafx.beans.property.ObjectPropertyBase::set (76 bytes)
 total in heap  [0x0000026a00456d88,0x0000026a00457a00] = 3192
 main code      [0x0000026a00456e80,0x0000026a00457928] = 2728
 stub code      [0x0000026a00457928,0x0000026a004579f8] = 208
 oops           [0x0000026a004579f8,0x0000026a00457a00] = 8
 mutable data [0x0000026a231e5580,0x0000026a231e56b8] = 312
 relocation     [0x0000026a231e5580,0x0000026a231e5690] = 272
 metadata       [0x0000026a231e5690,0x0000026a231e56b8] = 40
 immutable data [0x0000026a22aa4030,0x0000026a22aa4274] = 580
 dependencies   [0x0000026a22aa4030,0x0000026a22aa4040] = 16
 nul chk table  [0x0000026a22aa4040,0x0000026a22aa4058] = 24
 scopes pcs     [0x0000026a22aa4058,0x0000026a22aa41a8] = 336
 scopes data    [0x0000026a22aa41a8,0x0000026a22aa4270] = 200

[Constant Pool (empty)]


Loading hsdis library failed, undisassembled code is shown in MachCode section
[MachCode]
[Instructions begin]
  0x0000026a00456e80: 6666 660f | 1f84 0000 | 0000 0066 | 6666 9066 | 6690 448b | 5208 443b 

  0x0000026a00456e98: ;   {runtime_call Shared Runtime ic_miss_blob}
  0x0000026a00456e98: 5008 0f85 | 4081 1207 
[Verified Entry Point]
  0x0000026a00456ea0: 8984 2400 | 80ff ff55 | 4883 ec60 | 4181 7f20 | 0300 0000 

  0x0000026a00456eb4: ;   {runtime_call Stub::Stub Generator method_entry_barrier_stub}
  0x0000026a00456eb4: 7405 e865 | f410 0748 | 8954 2440 

  0x0000026a00456ec0: ;   {metadata(method data for {method} {0x0000026a1b48ba20} 'set' '(Ljava/lang/Object;)V' in 'javafx/beans/property/ObjectPropertyBase')}
  0x0000026a00456ec0: 48be 506a | 431c 6a02 | 0000 8bbe | 9000 0000 | 83c7 0289 | be90 0000 | 0081 e7fe | 0700 0085 
  0x0000026a00456ee0: ff0f 841f | 0900 0048 

  0x0000026a00456ee8: ;   {metadata(method data for {method} {0x0000026a1b48ba20} 'set' '(Ljava/lang/Object;)V' in 'javafx/beans/property/ObjectPropertyBase')}
  0x0000026a00456ee8: 8bf2 48bf | 506a 431c | 6a02 0000 | 8b76 0841 | ba00 0000 | 3b49 03f2 | 483b b7e0 | 0000 0075 
  0x0000026a00456f08: 0d48 8387 | e800 0000 | 01e9 6000 | 0000 483b | b7f0 0000 | 0075 0d48 | 8387 f800 | 0000 01e9 
  0x0000026a00456f28: 4a00 0000 | 4883 bfe0 | 0000 0000 | 7517 4889 | b7e0 0000 | 0048 c787 | e800 0000 | 0100 0000 
  0x0000026a00456f48: e929 0000 | 0048 83bf | f000 0000 | 0075 1748 | 89b7 f000 | 0000 48c7 | 87f8 0000 | 0001 0000 
  0x0000026a00456f68: 00e9 0800 | 0000 4883 | 87d8 0000 

  0x0000026a00456f74: ;   {metadata(method data for {method} {0x0000026a1b48bb00} 'isBound' '()Z' in 'javafx/beans/property/ObjectPropertyBase')}
  0x0000026a00456f74: 0001 48be | d8b0 d31b | 6a02 0000 | 8bbe 9000 | 0000 83c7 | 0289 be90 | 0000 0081 | e7fe ff1f 
  0x0000026a00456f94: 0085 ff0f | 848a 0800 | 008b 7214 | 48c1 e603 

  0x0000026a00456fa4: ;   {metadata(method data for {method} {0x0000026a1b48bb00} 'isBound' '()Z' in 'javafx/beans/property/ObjectPropertyBase')}
  0x0000026a00456fa4: 4885 f648 | bed8 b0d3 | 1b6a 0200 | 00bf d800 | 0000 7405 | bfe8 0000 | 0048 8b04 | 3e48 8d40 
  0x0000026a00456fc4: 0148 8904 | 3e0f 841a 

  0x0000026a00456fcc: ;   {metadata(method data for {method} {0x0000026a1b48bb00} 'isBound' '()Z' in 'javafx/beans/property/ObjectPropertyBase')}
  0x0000026a00456fcc: 0000 0048 | bed8 b0d3 | 1b6a 0200 | 00ff 86f8 | 0000 00be | 0100 0000 | e905 0000 | 00be 0000 
  0x0000026a00456fec: 0000 83e6 

  0x0000026a00456ff0: ;   {metadata(method data for {method} {0x0000026a1b48ba20} 'set' '(Ljava/lang/Object;)V' in 'javafx/beans/property/ObjectPropertyBase')}
  0x0000026a00456ff0: 0185 f648 | be50 6a43 | 1c6a 0200 | 00bf 0801 | 0000 7405 | bf18 0100 | 0048 8b04 | 3e48 8d40 
  0x0000026a00457010: 0148 8904 | 3e0f 8411 | 0200 0048 | 8bda 6690 

  0x0000026a00457020: ;   {other}
  0x0000026a00457020: e932 0800 | 0000 0000 | 0000 498b | 87b0 0100 | 0048 8d78 | 2849 3bbf | c001 0000 | 0f87 1f08 
  0x0000026a00457040: 0000 4989 | bfb0 0100 | 0048 c700 | 0100 0000 | 488b ca41 | ba00 0000 | 3b49 2bca | 8948 0848 
  0x0000026a00457060: 33c9 8948 | 0c48 33c9 | 4889 4810 | 4889 4818 | 4889 4820 | 4889 4424 | 4848 8bd3 

  0x0000026a0045707c: ;   {metadata(method data for {method} {0x0000026a1b48ba20} 'set' '(Ljava/lang/Object;)V' in 'javafx/beans/property/ObjectPropertyBase')}
  0x0000026a0045707c: 48be 506a | 431c 6a02 | 0000 8b52 | 0841 ba00 | 0000 3b49 | 03d2 483b | 9630 0100 | 0075 0d48 
  0x0000026a0045709c: 8386 3801 | 0000 01e9 | 6000 0000 | 483b 9640 | 0100 0075 | 0d48 8386 | 4801 0000 | 01e9 4a00 
  0x0000026a004570bc: 0000 4883 | be30 0100 | 0000 7517 | 4889 9630 | 0100 0048 | c786 3801 | 0000 0100 | 0000 e929 
  0x0000026a004570dc: 0000 0048 | 83be 4001 | 0000 0075 | 1748 8996 | 4001 0000 | 48c7 8648 | 0100 0001 | 0000 00e9 
  0x0000026a004570fc: 0800 0000 | 4883 8628 | 0100 0001 | 488b d366 | 9048 b8c0 | 5a49 236a 

  0x0000026a00457114: ;   {virtual_call}
  0x0000026a00457114: 0200 00e8 

  0x0000026a00457118: ; ImmutableOopMap {[64]=Oop [72]=Oop }
                      ;*invokevirtual getBean {reexecute=0 rethrow=0 return_oop=0}
                      ; - javafx.beans.property.ObjectPropertyBase::set@12 (line 142)
  0x0000026a00457118: c488 1207 

  0x0000026a0045711c: ;   {post_call_nop}
  0x0000026a0045711c: 0f1f 8400 | 9403 0000 

  0x0000026a00457124: ;   {metadata(method data for {method} {0x0000026a1b48ba20} 'set' '(Ljava/lang/Object;)V' in 'javafx/beans/property/ObjectPropertyBase')}
  0x0000026a00457124: 4885 c048 | ba50 6a43 | 1c6a 0200 | 00be 5801 | 0000 7405 | be68 0100 | 0048 8b3c | 3248 8d7f 
  0x0000026a00457144: 0148 893c | 320f 8425 | 0300 0048 | 8b54 2440 

  0x0000026a00457154: ;   {metadata(method data for {method} {0x0000026a1b48ba20} 'set' '(Ljava/lang/Object;)V' in 'javafx/beans/property/ObjectPropertyBase')}
  0x0000026a00457154: 48be 506a | 431c 6a02 | 0000 8b52 | 0841 ba00 | 0000 3b49 | 03d2 483b | 9680 0100 | 0075 0d48 
  0x0000026a00457174: 8386 8801 | 0000 01e9 | 6000 0000 | 483b 9690 | 0100 0075 | 0d48 8386 | 9801 0000 | 01e9 4a00 
  0x0000026a00457194: 0000 4883 | be80 0100 | 0000 7517 | 4889 9680 | 0100 0048 | c786 8801 | 0000 0100 | 0000 e929 
  0x0000026a004571b4: 0000 0048 | 83be 9001 | 0000 0075 | 1748 8996 | 9001 0000 | 48c7 8698 | 0100 0001 | 0000 00e9 
  0x0000026a004571d4: 0800 0000 | 4883 8678 | 0100 0001 | 488b 5424 | 4048 b8e8 | 5a49 236a 

  0x0000026a004571ec: ;   {virtual_call}
  0x0000026a004571ec: 0200 00e8 

  0x0000026a004571f0: ; ImmutableOopMap {[64]=Oop [72]=Oop }
                      ;*invokevirtual getName {reexecute=0 rethrow=0 return_oop=0}
                      ; - javafx.beans.property.ObjectPropertyBase::set@19 (line 142)
  0x0000026a004571f0: ec87 1207 

  0x0000026a004571f4: ;   {post_call_nop}
  0x0000026a004571f4: 0f1f 8400 | 6c04 0001 

  0x0000026a004571fc: ;   {metadata(method data for {method} {0x0000026a1b48ba20} 'set' '(Ljava/lang/Object;)V' in 'javafx/beans/property/ObjectPropertyBase')}
  0x0000026a004571fc: 4885 c048 | ba50 6a43 | 1c6a 0200 | 00be a801 | 0000 7405 | beb8 0100 | 0048 8b3c | 3248 8d7f 
  0x0000026a0045721c: 0148 893c | 320f 844d | 0200 00e9 | 5702 0000 | 8b72 1048 | c1e6 0349 

  0x0000026a00457234: ;   {metadata(method data for {method} {0x0000026a1b48ba20} 'set' '(Ljava/lang/Object;)V' in 'javafx/beans/property/ObjectPropertyBase')}
  0x0000026a00457234: 3bf0 48be | 506a 431c | 6a02 0000 | bf20 0300 | 0074 05bf | 3003 0000 | 488b 1c3e | 488d 5b01 
  0x0000026a00457254: 4889 1c3e | 0f84 0602 | 0000 410f | be77 4885 | f60f 8503 | 0600 004d | 8bd0 49c1 | ea03 4489 
  0x0000026a00457274: 5210 488b | fa49 33f8 | 48c1 ef17 | 7418 4d85 | c074 1348 | 8bfa 48c1 | ef09 4903 | 7f50 803f 
  0x0000026a00457294: ff75 03c6 | 0700 488b 

  0x0000026a0045729c: ;   {metadata(method data for {method} {0x0000026a1b48ba20} 'set' '(Ljava/lang/Object;)V' in 'javafx/beans/property/ObjectPropertyBase')}
  0x0000026a0045729c: f248 bf50 | 6a43 1c6a | 0200 0048 | 8387 4003 

  0x0000026a004572ac: ;   {metadata(method data for {method} {0x0000026a1b48b7c0} 'markInvalid' '()V' in 'javafx/beans/property/ObjectPropertyBase')}
  0x0000026a004572ac: 0000 0148 | be10 8e31 | 3c00 0000 | 008b be90 | 0000 0083 | c702 89be | 9000 0000 | 81e7 feff 
  0x0000026a004572cc: 1f00 85ff | 0f84 b605 | 0000 0fbe | 720c 85f6 

  0x0000026a004572dc: ;   {metadata(method data for {method} {0x0000026a1b48b7c0} 'markInvalid' '()V' in 'javafx/beans/property/ObjectPropertyBase')}
  0x0000026a004572dc: 48be 108e | 313c 0000 | 0000 bfd8 | 0000 0074 | 05bf e800 | 0000 488b | 1c3e 488d | 5b01 4889 
  0x0000026a004572fc: 1c3e 0f84 | 6001 0000 | c642 0c00 

  0x0000026a00457308: ;   {metadata(method data for {method} {0x0000026a1b48b7c0} 'markInvalid' '()V' in 'javafx/beans/property/ObjectPropertyBase')}
  0x0000026a00457308: 488b f248 | bf10 8e31 | 3c00 0000 | 008b 7608 | 41ba 0000 | 003b 4903 | f248 3bb7 | 0001 0000 
  0x0000026a00457328: 750d 4883 | 8708 0100 | 0001 e960 | 0000 0048 | 3bb7 1001 | 0000 750d | 4883 8718 | 0100 0001 
  0x0000026a00457348: e94a 0000 | 0048 83bf | 0001 0000 | 0075 1748 | 89b7 0001 | 0000 48c7 | 8708 0100 | 0001 0000 
  0x0000026a00457368: 00e9 2900 | 0000 4883 | bf10 0100 | 0000 7517 | 4889 b710 | 0100 0048 | c787 1801 | 0000 0100 
  0x0000026a00457388: 0000 e908 | 0000 0048 | 8387 f800 | 0000 0148 | 8bf2 488b | d648 b810 | 5b49 236a 

  0x0000026a004573a4: ;   {virtual_call}
  0x0000026a004573a4: 0200 00e8 

  0x0000026a004573a8: ; ImmutableOopMap {[64]=Oop }
                      ;*invokevirtual invalidated {reexecute=0 rethrow=0 return_oop=0}
                      ; - javafx.beans.property.ObjectPropertyBase::markInvalid@13 (line 112)
                      ; - javafx.beans.property.ObjectPropertyBase::set@72 (line 147)
  0x0000026a004573a8: c40c 2c07 

  0x0000026a004573ac: ;   {post_call_nop}
  0x0000026a004573ac: 0f1f 8400 | 2406 0002 | 488b 5424 

  0x0000026a004573b8: ;   {metadata(method data for {method} {0x0000026a1b48b7c0} 'markInvalid' '()V' in 'javafx/beans/property/ObjectPropertyBase')}
  0x0000026a004573b8: 4048 be10 | 8e31 3c00 | 0000 008b | 5208 41ba | 0000 003b | 4903 d248 | 3b96 3001 | 0000 750d 
  0x0000026a004573d8: 4883 8638 | 0100 0001 | e960 0000 | 0048 3b96 | 4001 0000 | 750d 4883 | 8648 0100 | 0001 e94a 
  0x0000026a004573f8: 0000 0048 | 83be 3001 | 0000 0075 | 1748 8996 | 3001 0000 | 48c7 8638 | 0100 0001 | 0000 00e9 
  0x0000026a00457418: 2900 0000 | 4883 be40 | 0100 0000 | 7517 4889 | 9640 0100 | 0048 c786 | 4801 0000 | 0100 0000 
  0x0000026a00457438: e908 0000 | 0048 8386 | 2801 0000 | 0148 8b54 | 2440 6666 | 9048 b838 | 5b49 236a 

  0x0000026a00457454: ;   {virtual_call}
  0x0000026a00457454: 0200 00e8 

  0x0000026a00457458: ; ImmutableOopMap {}
                      ;*invokevirtual fireValueChangedEvent {reexecute=0 rethrow=0 return_oop=0}
                      ; - javafx.beans.property.ObjectPropertyBase::markInvalid@17 (line 113)
                      ; - javafx.beans.property.ObjectPropertyBase::set@72 (line 147)
  0x0000026a00457458: 3c0c 2c07 

  0x0000026a0045745c: ;   {post_call_nop}
  0x0000026a0045745c: 0f1f 8400 | d406 0003 | 4883 c460 

  0x0000026a00457468: ;   {poll_return}
  0x0000026a00457468: 5d49 3b67 | 280f 873a | 0400 00c3 

  0x0000026a00457474: ;   {oop(""{0x000000050383db30})}
  0x0000026a00457474: 48be 30db | 8303 0500 | 0000 e90c | 0300 0048 | 8b54 2440 

  0x0000026a00457488: ;   {metadata(method data for {method} {0x0000026a1b48ba20} 'set' '(Ljava/lang/Object;)V' in 'javafx/beans/property/ObjectPropertyBase')}
  0x0000026a00457488: 488b f248 | bf50 6a43 | 1c6a 0200 | 008b 7608 | 41ba 0000 | 003b 4903 | f248 3bb7 | d001 0000 
  0x0000026a004574a8: 750d 4883 | 87d8 0100 | 0001 e960 | 0000 0048 | 3bb7 e001 | 0000 750d | 4883 87e8 | 0100 0001 
  0x0000026a004574c8: e94a 0000 | 0048 83bf | d001 0000 | 0075 1748 | 89b7 d001 | 0000 48c7 | 87d8 0100 | 0001 0000 
  0x0000026a004574e8: 00e9 2900 | 0000 4883 | bfe0 0100 | 0000 7517 | 4889 b7e0 | 0100 0048 | c787 e801 | 0000 0100 
  0x0000026a00457508: 0000 e908 | 0000 0048 | 8387 c801 | 0000 0148 | 8bf2 488b | d648 b860 | 5b49 236a 

  0x0000026a00457524: ;   {virtual_call}
  0x0000026a00457524: 0200 00e8 

  0x0000026a00457528: ; ImmutableOopMap {[64]=Oop [72]=Oop }
                      ;*invokevirtual getBean {reexecute=0 rethrow=0 return_oop=0}
                      ; - javafx.beans.property.ObjectPropertyBase::set@26 (line 143)
  0x0000026a00457528: b484 1207 

  0x0000026a0045752c: ;   {post_call_nop}
  0x0000026a0045752c: 0f1f 8400 | a407 0004 

  0x0000026a00457534: ; implicit exception: dispatches to 0x0000026a004578c3
  0x0000026a00457534: 483b 0048 

  0x0000026a00457538: ;   {metadata(method data for {method} {0x0000026a1b48ba20} 'set' '(Ljava/lang/Object;)V' in 'javafx/beans/property/ObjectPropertyBase')}
  0x0000026a00457538: 8bd0 48be | 506a 431c | 6a02 0000 | 8b52 0841 | ba00 0000 | 3b49 03d2 | 483b 9600 | 0200 0075 
  0x0000026a00457558: 0d48 8386 | 0802 0000 | 01e9 6000 | 0000 483b | 9610 0200 | 0075 0d48 | 8386 1802 | 0000 01e9 
  0x0000026a00457578: 4a00 0000 | 4883 be00 | 0200 0000 | 7517 4889 | 9600 0200 | 0048 c786 | 0802 0000 | 0100 0000 
  0x0000026a00457598: e929 0000 | 0048 83be | 1002 0000 | 0075 1748 | 8996 1002 | 0000 48c7 | 8618 0200 | 0001 0000 
  0x0000026a004575b8: 00e9 0800 | 0000 4883 | 86f8 0100 | 0001 8b50 | 0841 ba00 | 0000 3b49 | 03d2 488b | 5270 488b 
  0x0000026a004575d8: 1248 3b02 

  0x0000026a004575dc: ;   {metadata(method data for {method} {0x0000026a1b48ba20} 'set' '(Ljava/lang/Object;)V' in 'javafx/beans/property/ObjectPropertyBase')}
  0x0000026a004575dc: 488b f248 | bf50 6a43 | 1c6a 0200 | 008b 7608 | 41ba 0000 | 003b 4903 | f248 3bb7 | 3002 0000 
  0x0000026a004575fc: 750d 4883 | 8738 0200 | 0001 e960 | 0000 0048 | 3bb7 4002 | 0000 750d | 4883 8748 | 0200 0001 
  0x0000026a0045761c: e94a 0000 | 0048 83bf | 3002 0000 | 0075 1748 | 89b7 3002 | 0000 48c7 | 8738 0200 | 0001 0000 
  0x0000026a0045763c: 00e9 2900 | 0000 4883 | bf40 0200 | 0000 7517 | 4889 b740 | 0200 0048 | c787 4802 | 0000 0100 
  0x0000026a0045765c: 0000 e908 | 0000 0048 | 8387 2802 | 0000 010f 

  0x0000026a0045766c: ;   {optimized virtual_call}
  0x0000026a0045766c: 1f40 00e8 

  0x0000026a00457670: ; ImmutableOopMap {[64]=Oop [72]=Oop }
                      ;*invokevirtual getSimpleName {reexecute=0 rethrow=0 return_oop=0}
                      ; - javafx.beans.property.ObjectPropertyBase::set@32 (line 143)
  0x0000026a00457670: 6c7e 1207 

  0x0000026a00457674: ;   {post_call_nop}
  0x0000026a00457674: 0f1f 8400 | ec08 0005 | 488b 5424 

  0x0000026a00457680: ;   {metadata(method data for {method} {0x0000026a1b48ba20} 'set' '(Ljava/lang/Object;)V' in 'javafx/beans/property/ObjectPropertyBase')}
  0x0000026a00457680: 4048 be50 | 6a43 1c6a | 0200 008b | 5208 41ba | 0000 003b | 4903 d248 | 3b96 6002 | 0000 750d 
  0x0000026a004576a0: 4883 8668 | 0200 0001 | e960 0000 | 0048 3b96 | 7002 0000 | 750d 4883 | 8678 0200 | 0001 e94a 
  0x0000026a004576c0: 0000 0048 | 83be 6002 | 0000 0075 | 1748 8996 | 6002 0000 | 48c7 8668 | 0200 0001 | 0000 00e9 
  0x0000026a004576e0: 2900 0000 | 4883 be70 | 0200 0000 | 7517 4889 | 9670 0200 | 0048 c786 | 7802 0000 | 0100 0000 
  0x0000026a00457700: e908 0000 | 0048 8386 | 5802 0000 | 0148 8b54 | 2440 4889 | 4424 5066 | 0f1f 4400 | 0048 b888 
  0x0000026a00457720: 5b49 236a 

  0x0000026a00457724: ;   {virtual_call}
  0x0000026a00457724: 0200 00e8 

  0x0000026a00457728: ; ImmutableOopMap {[72]=Oop [80]=Oop }
                      ;*invokevirtual getName {reexecute=0 rethrow=0 return_oop=0}
                      ; - javafx.beans.property.ObjectPropertyBase::set@36 (line 143)
  0x0000026a00457728: b482 1207 

  0x0000026a0045772c: ;   {post_call_nop}
  0x0000026a0045772c: 0f1f 8400 | a409 0006 | 0f1f 4000 

  0x0000026a00457738: ;   {other}
  0x0000026a00457738: e99f 0100 | 0090 9090 | 9090 488b | 5424 504c | 8bc0 0f1f 

  0x0000026a0045774c: ;   {static_call}
  0x0000026a0045774c: 4400 00e8 

  0x0000026a00457750: ; ImmutableOopMap {[72]=Oop }
                      ;*invokedynamic {reexecute=0 rethrow=0 return_oop=0}
                      ; - javafx.beans.property.ObjectPropertyBase::set@39 (line 143)
  0x0000026a00457750: 8c87 1207 

  0x0000026a00457754: ;   {post_call_nop}
  0x0000026a00457754: 0f1f 8400 | cc09 0007 

  0x0000026a0045775c: ;   {metadata(method data for {method} {0x0000026a1b48ba20} 'set' '(Ljava/lang/Object;)V' in 'javafx/beans/property/ObjectPropertyBase')}
  0x0000026a0045775c: 48ba 506a | 431c 6a02 | 0000 488d | 92b8 0200 | 0048 85c0 | 750a f602 | 0175 05f0 | 4883 0a01 
  0x0000026a0045777c: ;   {metadata(method data for {method} {0x0000026a1b48ba20} 'set' '(Ljava/lang/Object;)V' in 'javafx/beans/property/ObjectPropertyBase')}
  0x0000026a0045777c: 48ba 506a | 431c 6a02 | 0000 ff82 | c802 0000 | 488b f090 

  0x0000026a00457790: ;   {other}
  0x0000026a00457790: e960 0100 | 0090 9090 | 9090 488b 

  0x0000026a0045779c: ;   {static_call}
  0x0000026a0045779c: d666 90e8 

  0x0000026a004577a0: ; ImmutableOopMap {[72]=Oop }
                      ;*invokedynamic {reexecute=0 rethrow=0 return_oop=0}
                      ; - javafx.beans.property.ObjectPropertyBase::set@49 (line 143)
  0x0000026a004577a0: 3c87 1207 

  0x0000026a004577a4: ;   {post_call_nop}
  0x0000026a004577a4: 0f1f 8400 | 1c0a 0008 

  0x0000026a004577ac: ;   {metadata(method data for {method} {0x0000026a1b48ba20} 'set' '(Ljava/lang/Object;)V' in 'javafx/beans/property/ObjectPropertyBase')}
  0x0000026a004577ac: 49b8 506a | 431c 6a02 | 0000 4d8d | 8000 0300 | 0048 85c0 | 750b 41f6 | 0001 7505 | f049 8308 
  0x0000026a004577cc: 014c 8b44 

  0x0000026a004577d0: ;   {metadata(method data for {method} {0x0000026a1b48ba20} 'set' '(Ljava/lang/Object;)V' in 'javafx/beans/property/ObjectPropertyBase')}
  0x0000026a004577d0: 2448 48ba | 506a 431c | 6a02 0000 | 4883 8210 | 0300 0001 | 4c8b c048 | 8b54 2448 

  0x0000026a004577ec: ;   {optimized virtual_call}
  0x0000026a004577ec: 6666 90e8 

  0x0000026a004577f0: ; ImmutableOopMap {[72]=Oop }
                      ;*invokespecial <init> {reexecute=0 rethrow=0 return_oop=0}
                      ; - javafx.beans.property.ObjectPropertyBase::set@54 (line 143)
  0x0000026a004577f0: ec7c 1207 

  0x0000026a004577f4: ;   {post_call_nop}
  0x0000026a004577f4: 0f1f 8400 | 6c0a 0009 | 488b 4424 | 48e9 1601 

  0x0000026a00457804: ;   {metadata({method} {0x0000026a1b48ba20} 'set' '(Ljava/lang/Object;)V' in 'javafx/beans/property/ObjectPropertyBase')}
  0x0000026a00457804: 0000 49ba | 18ba 481b | 6a02 0000 | 4c89 5424 | 0848 c704 | 24ff ffff 

  0x0000026a0045781c: ;   {runtime_call C1 Runtime counter_overflow_blob}
  0x0000026a0045781c: ffe8 be74 

  0x0000026a00457820: ; ImmutableOopMap {rdx=Oop r8=Oop [64]=Oop }
                      ;*synchronization entry
                      ; - javafx.beans.property.ObjectPropertyBase::set@-1 (line 141)
  0x0000026a00457820: 2007 e9c0 

  0x0000026a00457824: ;   {metadata({method} {0x0000026a1b48bb00} 'isBound' '()Z' in 'javafx/beans/property/ObjectPropertyBase')}
  0x0000026a00457824: f6ff ff49 | baf8 ba48 | 1b6a 0200 | 004c 8954 | 2408 48c7 | 0424 ffff 

  0x0000026a0045783c: ;   {runtime_call C1 Runtime counter_overflow_blob}
  0x0000026a0045783c: ffff e89d 

  0x0000026a00457840: ; ImmutableOopMap {rdx=Oop r8=Oop [64]=Oop }
                      ;*synchronization entry
                      ; - javafx.beans.property.ObjectPropertyBase::isBound@-1 (line 156)
                      ; - javafx.beans.property.ObjectPropertyBase::set@1 (line 141)
  0x0000026a00457840: 7420 07e9 | 55f7 ffff 

  0x0000026a00457848: ;   {metadata(nullptr)}
  0x0000026a00457848: 48ba 0000 | 0000 0000 | 0000 b800 

  0x0000026a00457854: ;   {runtime_call C1 Runtime load_klass_patching_blob}
  0x0000026a00457854: 0f05 0ae8 

  0x0000026a00457858: ; ImmutableOopMap {rbx=Oop [64]=Oop }
                      ;*new {reexecute=1 rethrow=0 return_oop=0}
                      ; - (reexecute) javafx.beans.property.ObjectPropertyBase::set@7 (line 142)
  0x0000026a00457858: 8459 2007 | e9bf f7ff | ff48 8bd2 

  0x0000026a00457864: ;   {runtime_call C1 Runtime fast_new_instance_blob}
  0x0000026a00457864: e8f7 0a20 

  0x0000026a00457868: ; ImmutableOopMap {rbx=Oop [64]=Oop }
                      ;*new {reexecute=0 rethrow=0 return_oop=0}
                      ; - javafx.beans.property.ObjectPropertyBase::set@7 (line 142)
  0x0000026a00457868: 07e9 06f8 | ffff 8b72 | 1048 c1e6 | 0348 85f6 | 0f84 edf9 | ffff 4889 

  0x0000026a00457880: ;   {runtime_call g1_pre_barrier_slow}
  0x0000026a00457880: 3424 e859 | 7b20 07e9 | dff9 ffff 

  0x0000026a0045788c: ;   {metadata({method} {0x0000026a1b48b7c0} 'markInvalid' '()V' in 'javafx/beans/property/ObjectPropertyBase')}
  0x0000026a0045788c: 49ba b8b7 | 481b 6a02 | 0000 4c89 | 5424 0848 | c704 24ff 

  0x0000026a004578a0: ;   {runtime_call C1 Runtime counter_overflow_blob}
  0x0000026a004578a0: ffff ffe8 

  0x0000026a004578a4: ; ImmutableOopMap {rdx=Oop [64]=Oop }
                      ;*synchronization entry
                      ; - javafx.beans.property.ObjectPropertyBase::markInvalid@-1 (line 110)
                      ; - javafx.beans.property.ObjectPropertyBase::set@72 (line 147)
  0x0000026a004578a4: 3874 2007 | e929 faff 

  0x0000026a004578ac: ;   {internal_word}
  0x0000026a004578ac: ff49 ba69 | 7445 006a | 0200 004d | 8997 b804 

  0x0000026a004578bc: ;   {runtime_call SafepointBlob}
  0x0000026a004578bc: 0000 e99d 

  0x0000026a004578c0: ;   {runtime_call C1 Runtime throw_null_pointer_exception_blob}
  0x0000026a004578c0: ac12 07e8 

  0x0000026a004578c4: ; ImmutableOopMap {rax=Oop [64]=Oop [72]=Oop }
                      ;*invokevirtual getClass {reexecute=0 rethrow=0 return_oop=0}
                      ; - javafx.beans.property.ObjectPropertyBase::set@29 (line 143)
  0x0000026a004578c4: 9800 2007 

  0x0000026a004578c8: ;   {runtime_call C1 Runtime throw_null_pointer_exception_blob}
  0x0000026a004578c8: e893 0020 

  0x0000026a004578cc: ; ImmutableOopMap {rdx=Oop [64]=Oop [72]=Oop }
                      ;*invokevirtual getSimpleName {reexecute=0 rethrow=0 return_oop=0}
                      ; - javafx.beans.property.ObjectPropertyBase::set@32 (line 143)
  0x0000026a004578cc: 0749 b900 | 0000 0000 | 0000 00b8 | 000f 050a 

  0x0000026a004578dc: ;   {runtime_call C1 Runtime load_appendix_patching_blob}
  0x0000026a004578dc: e87f 6a20 

  0x0000026a004578e0: ; ImmutableOopMap {rax=Oop [72]=Oop [80]=Oop }
                      ;*invokedynamic {reexecute=1 rethrow=0 return_oop=0}
                      ; - (reexecute) javafx.beans.property.ObjectPropertyBase::set@39 (line 143)
  0x0000026a004578e0: 07e9 52fe | ffff 49b8 | 0000 0000 | 0000 0000 | b800 0f05 

  0x0000026a004578f4: ;   {runtime_call C1 Runtime load_appendix_patching_blob}
  0x0000026a004578f4: 0ae8 666a 

  0x0000026a004578f8: ; ImmutableOopMap {rsi=Oop [72]=Oop }
                      ;*invokedynamic {reexecute=1 rethrow=0 return_oop=0}
                      ; - (reexecute) javafx.beans.property.ObjectPropertyBase::set@49 (line 143)
  0x0000026a004578f8: 2007 e991 | feff ff49 | 8b87 6805 | 0000 49c7 | 8768 0500 | 0000 0000 | 0049 c787 | 7005 0000 
  0x0000026a00457918: 0000 0000 | 4883 c460 

  0x0000026a00457920: ;   {runtime_call C1 Runtime unwind_exception_blob}
  0x0000026a00457920: 5de9 baec | 1f07 f4f4 
[Stub Code]
  0x0000026a00457928: ;   {other}
  0x0000026a00457928: 0f1f 4400 

  0x0000026a0045792c: ;   {static_stub}
  0x0000026a0045792c: 0048 bb00 | 0000 0000 

  0x0000026a00457934: ;   {runtime_call nmethod}
  0x0000026a00457934: 0000 00e9 | fbff ffff 

  0x0000026a0045793c: ;   {static_stub}
  0x0000026a0045793c: 9048 bb00 | 0000 0000 

  0x0000026a00457944: ;   {runtime_call nmethod}
  0x0000026a00457944: 0000 00e9 | fbff ffff 

  0x0000026a0045794c: ;   {static_stub}
  0x0000026a0045794c: 9048 bb00 | 0000 0000 

  0x0000026a00457954: ;   {runtime_call nmethod}
  0x0000026a00457954: 0000 00e9 | fbff ffff 

  0x0000026a0045795c: ;   {static_stub}
  0x0000026a0045795c: 9048 bb00 | 0000 0000 

  0x0000026a00457964: ;   {runtime_call nmethod}
  0x0000026a00457964: 0000 00e9 | fbff ffff 

  0x0000026a0045796c: ;   {static_stub}
  0x0000026a0045796c: 9048 bb00 | 0000 0000 

  0x0000026a00457974: ;   {runtime_call nmethod}
  0x0000026a00457974: 0000 00e9 | fbff ffff 

  0x0000026a0045797c: ;   {static_stub}
  0x0000026a0045797c: 9048 bb00 | 0000 0000 

  0x0000026a00457984: ;   {runtime_call nmethod}
  0x0000026a00457984: 0000 00e9 | fbff ffff 

  0x0000026a0045798c: ;   {static_stub}
  0x0000026a0045798c: 9048 bb00 | 0000 0000 

  0x0000026a00457994: ;   {runtime_call nmethod}
  0x0000026a00457994: 0000 00e9 | fbff ffff 

  0x0000026a0045799c: ;   {static_stub}
  0x0000026a0045799c: 9048 bb00 | 0000 0000 

  0x0000026a004579a4: ;   {runtime_call nmethod}
  0x0000026a004579a4: 0000 00e9 | fbff ffff 

  0x0000026a004579ac: ;   {static_stub}
  0x0000026a004579ac: 48bb 0000 | 0000 0000 

  0x0000026a004579b4: ;   {runtime_call nmethod}
  0x0000026a004579b4: 0000 e9fb 

  0x0000026a004579b8: ;   {static_stub}
  0x0000026a004579b8: ffff ff48 | bb00 0000 | 0000 0000 

  0x0000026a004579c4: ;   {runtime_call nmethod}
  0x0000026a004579c4: 00e9 fbff 

  0x0000026a004579c8: ;   {runtime_call C1 Runtime handle_exception_from_callee_blob}
  0x0000026a004579c8: ffff e891 

  0x0000026a004579cc: ;   {external_word}
  0x0000026a004579cc: 2120 0748 | b928 725b | fbff 7f00 | 0048 83e4 

  0x0000026a004579dc: ;   {runtime_call}
  0x0000026a004579dc: f048 b840 | e41c fbff | 7f00 00ff 

  0x0000026a004579e8: ;   {runtime_call DeoptimizationBlob}
  0x0000026a004579e8: d0f4 e8f1 | 9212 07eb | f9f4 f4f4 | f4f4 f4f4 
[/MachCode]


---------------  P R O C E S S  ---------------

Threads class SMR info:
_java_thread_list=0x0000026a30e9c320, length=45, elements={
0x0000026a6b6ac800, 0x0000026a79108ce0, 0x0000026a79109aa0, 0x0000026a7910df70,
0x0000026a7910fec0, 0x0000026a7911aad0, 0x0000026a7911bca0, 0x0000026a79122fc0,
0x0000026a79127090, 0x0000026a1f2550e0, 0x0000026a1fc0a4c0, 0x0000026a1fc0b070,
0x0000026a1fdf9560, 0x0000026a205030e0, 0x0000026a2057a0d0, 0x0000026a205b48b0,
0x0000026a22a740e0, 0x0000026a22b8bac0, 0x0000026a22dbfff0, 0x0000026a22ede3f0,
0x0000026a22ee0330, 0x0000026a22eda570, 0x0000026a209b1440, 0x0000026a22dc2700,
0x0000026a23182ce0, 0x0000026a23181d40, 0x0000026a2317f630, 0x0000026a2317ee60,
0x0000026a230f2140, 0x0000026a230f2910, 0x0000026a230efa30, 0x0000026a230f11a0,
0x0000026a2c91caa0, 0x0000026a2ce67410, 0x0000026a20154370, 0x0000026a20155310,
0x0000026a2ce66c40, 0x0000026a2ce683b0, 0x0000026a2ce60e80, 0x0000026a2ce61650,
0x0000026a230f0200, 0x0000026a22ed9da0, 0x0000026a2ef0c5f0, 0x0000026a2ef06060,
0x0000026a2ef0d590
}

Java Threads: ( => current thread )
  0x0000026a6b6ac800 JavaThread "main"                              [_thread_blocked, id=17160, stack(0x0000008247400000,0x0000008247500000) (1024K)]
  0x0000026a79108ce0 JavaThread "Reference Handler"          daemon [_thread_blocked, id=17592, stack(0x0000008247d00000,0x0000008247e00000) (1024K)]
  0x0000026a79109aa0 JavaThread "Finalizer"                  daemon [_thread_blocked, id=28432, stack(0x0000008247e00000,0x0000008247f00000) (1024K)]
  0x0000026a7910df70 JavaThread "Signal Dispatcher"          daemon [_thread_blocked, id=15724, stack(0x0000008247f00000,0x0000008248000000) (1024K)]
  0x0000026a7910fec0 JavaThread "Attach Listener"            daemon [_thread_blocked, id=17556, stack(0x0000008248000000,0x0000008248100000) (1024K)]
  0x0000026a7911aad0 JavaThread "Service Thread"             daemon [_thread_blocked, id=27736, stack(0x0000008248100000,0x0000008248200000) (1024K)]
  0x0000026a7911bca0 JavaThread "Monitor Deflation Thread"   daemon [_thread_blocked, id=24708, stack(0x0000008248200000,0x0000008248300000) (1024K)]
  0x0000026a79122fc0 JavaThread "C2 CompilerThread0"         daemon [_thread_blocked, id=24928, stack(0x0000008248300000,0x0000008248400000) (1024K)]
  0x0000026a79127090 JavaThread "C1 CompilerThread0"         daemon [_thread_blocked, id=18212, stack(0x0000008248400000,0x0000008248500000) (1024K)]
  0x0000026a1f2550e0 JavaThread "Common-Cleaner"             daemon [_thread_blocked, id=25788, stack(0x0000008248500000,0x0000008248600000) (1024K)]
  0x0000026a1fc0a4c0 JavaThread "Monitor Ctrl-Break"         daemon [_thread_in_native, id=21372, stack(0x0000008248800000,0x0000008248900000) (1024K)]
  0x0000026a1fc0b070 JavaThread "Notification Thread"        daemon [_thread_blocked, id=25280, stack(0x0000008248900000,0x0000008248a00000) (1024K)]
  0x0000026a1fdf9560 JavaThread "JavaFX-Launcher"                   [_thread_blocked, id=25868, stack(0x0000008248a00000,0x0000008248b00000) (1024K)]
  0x0000026a205030e0 JavaThread "QuantumRenderer-0"          daemon [_thread_blocked, id=17348, stack(0x0000008248e00000,0x0000008248f00000) (1024K)]
  0x0000026a2057a0d0 JavaThread "InvokeLaterDispatcher"      daemon [_thread_blocked, id=28168, stack(0x0000008248600000,0x0000008248700000) (1024K)]
=>0x0000026a205b48b0 JavaThread "JavaFX Application Thread"         [_thread_in_vm, id=17004, stack(0x0000008248d00000,0x0000008248e00000) (1024K)]
  0x0000026a22a740e0 JavaThread "Thread-2"                   daemon [_thread_in_native, id=9192, stack(0x0000008249400000,0x0000008249500000) (1024K)]
  0x0000026a22b8bac0 JavaThread "mysql-cj-abandoned-connection-cleanup" daemon [_thread_blocked, id=25528, stack(0x0000008249700000,0x0000008249800000) (1024K)]
  0x0000026a22dbfff0 JavaThread "Prism Font Disposer"        daemon [_thread_blocked, id=20040, stack(0x0000008249e00000,0x0000008249f00000) (1024K)]
  0x0000026a22ede3f0 JavaThread "InnocuousThread-1"          daemon [_thread_blocked, id=19440, stack(0x0000008249f00000,0x000000824a000000) (1024K)]
  0x0000026a22ee0330 JavaThread "Disposer"                   daemon [_thread_blocked, id=16376, stack(0x0000008249600000,0x0000008249700000) (1024K)]
  0x0000026a22eda570 JavaThread "idle-timeout-task"          daemon [_thread_blocked, id=21588, stack(0x000000824a000000,0x000000824a100000) (1024K)]
  0x0000026a209b1440 JavaThread "HTTP-Dispatcher"                   [_thread_in_native, id=24032, stack(0x000000824a100000,0x000000824a200000) (1024K)]
  0x0000026a22dc2700 JavaThread "VirtualThread-unblocker"    daemon [_thread_blocked, id=26832, stack(0x000000824a200000,0x000000824a300000) (1024K)]
  0x0000026a23182ce0 JavaThread "ForkJoinPool-1-worker-1"    daemon [_thread_in_native, id=28280, stack(0x000000824a300000,0x000000824a400000) (1024K)]
  0x0000026a23181d40 JavaThread "ForkJoinPool-1-worker-2"    daemon [_thread_in_native, id=25928, stack(0x000000824a400000,0x000000824a500000) (1024K)]
  0x0000026a2317f630 JavaThread "HttpClient-1-Worker-0"      daemon [_thread_blocked, id=24724, stack(0x000000824a500000,0x000000824a600000) (1024K)]
  0x0000026a2317ee60 JavaThread "HttpClient-1-Worker-1"      daemon [_thread_blocked, id=19296, stack(0x000000824a800000,0x000000824a900000) (1024K)]
  0x0000026a230f2140 JavaThread "HttpClient-1-Worker-2"      daemon [_thread_blocked, id=25580, stack(0x000000824a900000,0x000000824aa00000) (1024K)]
  0x0000026a230f2910 JavaThread "ForkJoinPool-1-worker-3"    daemon [_thread_blocked, id=27488, stack(0x000000824aa00000,0x000000824ab00000) (1024K)]
  0x0000026a230efa30 JavaThread "ForkJoinPool.commonPool-worker-1" daemon [_thread_blocked, id=9892, stack(0x000000824ab00000,0x000000824ac00000) (1024K)]
  0x0000026a230f11a0 JavaThread "ForkJoinPool.commonPool-worker-2" daemon [_thread_blocked, id=16172, stack(0x000000824ac00000,0x000000824ad00000) (1024K)]
  0x0000026a2c91caa0 JavaThread "Thread-5"                   daemon [_thread_in_native, id=1612, stack(0x000000824b500000,0x000000824b600000) (1024K)]
  0x0000026a2ce67410 JavaThread "Cleaner-0"                  daemon [_thread_blocked, id=21596, stack(0x0000008249d00000,0x0000008249e00000) (1024K)]
  0x0000026a20154370 JavaThread "ForkJoinPool.commonPool-worker-3" daemon [_thread_blocked, id=21416, stack(0x000000824bd00000,0x000000824be00000) (1024K)]
  0x0000026a20155310 JavaThread "idle-timeout-task"          daemon [_thread_blocked, id=20128, stack(0x000000824bf00000,0x000000824c000000) (1024K)]
  0x0000026a2ce66c40 JavaThread "HTTP-Dispatcher"            daemon [_thread_in_native, id=21624, stack(0x000000824c000000,0x000000824c100000) (1024K)]
  0x0000026a2ce683b0 JavaThread "ForkJoinPool.commonPool-worker-4" daemon [_thread_blocked, id=7484, stack(0x000000824c100000,0x000000824c200000) (1024K)]
  0x0000026a2ce60e80 JavaThread "ForkJoinPool.commonPool-worker-5" daemon [_thread_blocked, id=10484, stack(0x000000824c200000,0x000000824c300000) (1024K)]
  0x0000026a2ce61650 JavaThread "ForkJoinPool.commonPool-worker-6" daemon [_thread_blocked, id=19528, stack(0x000000824c300000,0x000000824c400000) (1024K)]
  0x0000026a230f0200 JavaThread "ForkJoinPool.commonPool-worker-7" daemon [_thread_blocked, id=7440, stack(0x000000824c400000,0x000000824c500000) (1024K)]
  0x0000026a22ed9da0 JavaThread "ForkJoinPool-1-worker-4"    daemon [_thread_blocked, id=21400, stack(0x000000824c500000,0x000000824c600000) (1024K)]
  0x0000026a2ef0c5f0 JavaThread "Java2D Disposer"            daemon [_thread_blocked, id=1152, stack(0x000000824c600000,0x000000824c700000) (1024K)]
  0x0000026a2ef06060 JavaThread "AWT-Shutdown"                      [_thread_blocked, id=7728, stack(0x000000824c700000,0x000000824c800000) (1024K)]
  0x0000026a2ef0d590 JavaThread "AWT-Windows"                daemon [_thread_in_native, id=9492, stack(0x000000824c800000,0x000000824c900000) (1024K)]
Total: 45

Other Threads:
  0x0000026a790faf90 VMThread "VM Thread"                           [id=21068, stack(0x0000008247c00000,0x0000008247d00000) (1024K)]
  0x0000026a790e92f0 WatcherThread "VM Periodic Task Thread"        [id=4252, stack(0x0000008247b00000,0x0000008247c00000) (1024K)]
  0x0000026a6b73e5d0 WorkerThread "GC Thread#0"                     [id=8684, stack(0x0000008247500000,0x0000008247600000) (1024K)]
  0x0000026a1f3af890 WorkerThread "GC Thread#1"                     [id=16900, stack(0x0000008248700000,0x0000008248800000) (1024K)]
  0x0000026a1fe194f0 WorkerThread "GC Thread#2"                     [id=26328, stack(0x0000008248b00000,0x0000008248c00000) (1024K)]
  0x0000026a1fe19910 WorkerThread "GC Thread#3"                     [id=13660, stack(0x0000008248c00000,0x0000008248d00000) (1024K)]
  0x0000026a229d3c90 WorkerThread "GC Thread#4"                     [id=12840, stack(0x0000008249200000,0x0000008249300000) (1024K)]
  0x0000026a229d48d0 WorkerThread "GC Thread#5"                     [id=608, stack(0x0000008249300000,0x0000008249400000) (1024K)]
  0x0000026a22c6b0d0 WorkerThread "GC Thread#6"                     [id=27836, stack(0x0000008249800000,0x0000008249900000) (1024K)]
  0x0000026a22c6a830 WorkerThread "GC Thread#7"                     [id=26400, stack(0x0000008249900000,0x0000008249a00000) (1024K)]
  0x0000026a78f86020 ConcurrentGCThread "G1 Main Marker"            [id=15320, stack(0x0000008247600000,0x0000008247700000) (1024K)]
  0x0000026a78f86ba0 WorkerThread "G1 Conc#0"                       [id=26024, stack(0x0000008247700000,0x0000008247800000) (1024K)]
  0x0000026a22c6cab0 WorkerThread "G1 Conc#1"                       [id=27640, stack(0x000000824a600000,0x000000824a700000) (1024K)]
  0x0000026a6b74dd90 WorkerThread "G1 Refinement Workers#0"         [id=19336, stack(0x0000008247900000,0x0000008247a00000) (1024K)]
  0x0000026a6953e6d0 ConcurrentGCThread "G1 Refine Control"         [id=10176, stack(0x0000008247800000,0x0000008247900000) (1024K)]
  0x0000026a6b74ea80 ConcurrentGCThread "G1 Service"                [id=25060, stack(0x0000008247a00000,0x0000008247b00000) (1024K)]
Total: 16

Threads with active compile tasks:
Total: 0

VM state: not at safepoint (normal execution)

VM Mutex/Monitor currently owned by a thread: None

Heap address: 0x0000000503800000, size: 12232 MB, Compressed Oops mode: Zero based, Oop shift amount: 3

CDS archive(s) mapped at: [0x000000003b000000-0x000000003bde0000-0x000000003bde0000), size 14548992, SharedBaseAddress: 0x000000003b000000, ArchiveRelocationMode: 1.
Compressed class space mapped at: 0x000000003c000000-0x000000007c000000, reserved size: 1073741824
UseCompressedClassPointers 1, UseCompactObjectHeaders 0
Narrow klass pointer bits 32, Max shift 3
Narrow klass base: 0x000000003b000000, Narrow klass shift: 0
Encoding Range: [0x000000003b000000 - 0x000000013b000000), (4294967296 bytes)
Klass Range:    [0x000000003b000000 - 0x000000007c000000), (1090519040 bytes)
Klass ID Range:  [8 - 1090519033) (1090519025)
Protection zone: [0x000000003b000000 - 0x000000003b010000), (65536 bytes)

GC Precious Log:
 CardTable entry size: 512
 Card Set container configuration: InlinePtr #cards 4 size 8 Array Of Cards #cards 64 size 144 Howl #buckets 8 coarsen threshold 14745 Howl Bitmap #cards 2048 size 272 coarsen threshold 1843 Card regions per heap region 1 cards per card region 16384
 CPUs: 8 total, 8 available
 Memory: 48897M
 Large Page Support: Disabled
 NUMA Support: Disabled
 Compressed Oops: Enabled (Zero based)
 Heap Region Size: 8M
 Heap Min Capacity: 8M
 Heap Initial Capacity: 8M
 Heap Max Capacity: 12232M
 Pre-touch: Disabled
 Parallel Workers: 8
 Concurrent Workers: 2
 Concurrent Refinement Workers: 8
 Periodic GC: Disabled

Heap:
 garbage-first heap   total reserved 12525568K, committed 65536K, used 34288K [0x0000000503800000, 0x0000000800000000)
  region size 8M, 3 eden (24M), 1 survivor (8M), 3 old (24M), 0 humongous (0M), 1 free (8M)

Heap Regions: E=young(eden), S=young(survivor), O=old, HS=humongous(starts), HC=humongous(continues), CS=collection set, F=free, TAMS=top-at-mark-start, PB=parsable bottom
|    0|0x0000000503800000, 0x0000000503cc0970, 0x0000000504000000| 59%| O|  |TAMS 0x0000000503800000| PB 0x0000000503800000| Untracked |  0
|    1|0x0000000504000000, 0x0000000504000000, 0x0000000504800000|  0%| F|  |TAMS 0x0000000504000000| PB 0x0000000504000000| Untracked |  0
|    2|0x0000000504800000, 0x0000000504cbba00, 0x0000000505000000| 59%| S|CS|TAMS 0x0000000504800000| PB 0x0000000504800000| Complete  |  1
|    3|0x0000000505000000, 0x00000005052381e0, 0x0000000505800000| 27%| E|CS|TAMS 0x0000000505000000| PB 0x0000000505000000| Complete  |  0
|    4|0x0000000505800000, 0x0000000506000000, 0x0000000506000000|100%| E|CS|TAMS 0x0000000505800000| PB 0x0000000505800000| Complete  |  1
| 1526|0x00000007fe800000, 0x00000007ff000000, 0x00000007ff000000|100%| O|  |TAMS 0x00000007fe800000| PB 0x00000007fe800000| Untracked |  0
| 1527|0x00000007ff000000, 0x00000007ff800000, 0x00000007ff800000|100%| O|  |TAMS 0x00000007ff000000| PB 0x00000007ff000000| Untracked |  0
| 1528|0x00000007ff800000, 0x0000000800000000, 0x0000000800000000|100%| E|CS|TAMS 0x00000007ff800000| PB 0x00000007ff800000| Complete  |  0

Card table byte_map: [0x0000026a75f60000,0x0000026a77750000] _byte_map_base: 0x0000026a73744000
Refinement table byte_map: [0x0000026a77750000,0x0000026a78f40000] _byte_map_base: 0x0000026a74f34000

Marking Bits: (CMBitMap*) 0x0000026a6b73ed50
 Bits: [0x0000026a0f000000, 0x0000026a1af20000)

Polling page: 0x0000026a6ae60000

Metaspace:
Metaspace        used 33834K, committed 34240K, reserved 1114112K
 class space     used 4603K, committed 4800K, reserved 1048576K

Usage:
  Non-class:     28.55 MB used.
      Class:      4.50 MB used.
       Both:     33.04 MB used.

Virtual space:
  Non-class space:       64.00 MB reserved,      28.75 MB ( 45%) committed,  1 nodes.
      Class space:        1.00 GB reserved,       4.69 MB ( <1%) committed,  1 nodes.
             Both:        1.06 GB reserved,      33.44 MB (  3%) committed. 

Chunk freelists:
   Non-Class:  2.86 MB
       Class:  11.23 MB
        Both:  14.09 MB

MaxMetaspaceSize: unlimited
CompressedClassSpaceSize: 1.00 GB
Initial GC threshold: 21.00 MB
Current GC threshold: 35.44 MB
CDS: on
 - commit_granule_bytes: 65536.
 - commit_granule_words: 8192.
 - virtual_space_node_default_size: 8388608.
 - enlarge_chunks_in_place: 1.
UseCompressedClassPointers 1, UseCompactObjectHeaders 0
Narrow klass pointer bits 32, Max shift 3
Narrow klass base: 0x000000003b000000, Narrow klass shift: 0
Encoding Range: [0x000000003b000000 - 0x000000013b000000), (4294967296 bytes)
Klass Range:    [0x000000003b000000 - 0x000000007c000000), (1090519040 bytes)
Klass ID Range:  [8 - 1090519033) (1090519025)
Protection zone: [0x000000003b000000 - 0x000000003b010000), (65536 bytes)


Internal statistics:

num_allocs_failed_limit: 3.
num_arena_births: 348.
num_arena_deaths: 0.
num_vsnodes_births: 2.
num_vsnodes_deaths: 0.
num_space_committed: 535.
num_space_uncommitted: 0.
num_chunks_returned_to_freelist: 3.
num_chunks_taken_from_freelist: 1351.
num_chunk_merges: 0.
num_chunk_splits: 864.
num_chunks_enlarged: 624.
num_inconsistent_stats: 0.

CodeHeap 'non-profiled nmethods': size=120064Kb used=2004Kb max_used=2004Kb free=118060Kb
 bounds [0x0000026a07ac0000, 0x0000026a07d30000, 0x0000026a0f000000]
CodeHeap 'profiled nmethods': size=120000Kb used=8304Kb max_used=8304Kb free=111695Kb
 bounds [0x0000026a00000000, 0x0000026a00820000, 0x0000026a07530000]
CodeHeap 'non-nmethods': size=5696Kb used=2206Kb max_used=2244Kb free=3489Kb
 bounds [0x0000026a07530000, 0x0000026a077a0000, 0x0000026a07ac0000]
CodeCache: size=245760Kb, used=12514Kb, max_used=12552Kb, free=233244Kb
 total_blobs=6347, nmethods=5289, adapters=961, full_count=0
Compilation: enabled, stopped_count=0, restarted_count=0

Compilation events (20 events):
Event: 6.500 Thread 0x0000026a79127090 5276       1       com.sun.javafx.sg.prism.NGCamera::getViewWidth (5 bytes)
Event: 6.500 Thread 0x0000026a79127090 nmethod 5276 0x0000026a07cb4a08 code [0x0000026a07cb4b00, 0x0000026a07cb4bb8]
Event: 6.500 Thread 0x0000026a79127090 5277       1       com.sun.javafx.sg.prism.NGCamera::getViewHeight (5 bytes)
Event: 6.500 Thread 0x0000026a79127090 nmethod 5277 0x0000026a07cb4d08 code [0x0000026a07cb4e00, 0x0000026a07cb4eb8]
Event: 6.509 Thread 0x0000026a79127090 5283       3       javafx.stage.Window$TKBoundsConfigurator::pulse (5 bytes)
Event: 6.509 Thread 0x0000026a79127090 nmethod 5283 0x0000026a00811b88 code [0x0000026a00811c80, 0x0000026a00811e30]
Event: 6.509 Thread 0x0000026a79127090 5284   !   3       javafx.scene.Scene$ScenePulseListener::pulse (504 bytes)
Event: 6.512 Thread 0x0000026a79127090 nmethod 5284 0x0000026a00811e88 code [0x0000026a00811f80, 0x0000026a00816710]
Event: 6.512 Thread 0x0000026a79127090 5285       3       javafx.scene.Scene$ScenePulseListener::focusCleanup (95 bytes)
Event: 6.514 Thread 0x0000026a79127090 nmethod 5285 0x0000026a00816788 code [0x0000026a00816880, 0x0000026a008196c0]
Event: 6.676 Thread 0x0000026a79127090 5286       3       jdk.internal.math.ToDecimal::putChar (31 bytes)
Event: 6.677 Thread 0x0000026a79127090 nmethod 5286 0x0000026a00819708 code [0x0000026a00819800, 0x0000026a008199f8]
Event: 6.680 Thread 0x0000026a79127090 5287       3       sun.nio.fs.WindowsPath::getPathForWin32Calls (6 bytes)
Event: 6.680 Thread 0x0000026a79127090 nmethod 5287 0x0000026a00819a08 code [0x0000026a00819b00, 0x0000026a00819c30]
Event: 6.680 Thread 0x0000026a79127090 5288   !   3       sun.nio.fs.WindowsPath::getPathForWin32Calls (147 bytes)
Event: 6.681 Thread 0x0000026a79127090 nmethod 5288 0x0000026a00819d08 code [0x0000026a00819e00, 0x0000026a0081b0d0]
Event: 6.681 Thread 0x0000026a79127090 5289       3       sun.nio.fs.WindowsNativeDispatcher::asNativeBuffer (102 bytes)
Event: 6.682 Thread 0x0000026a79127090 nmethod 5289 0x0000026a0081b108 code [0x0000026a0081b200, 0x0000026a0081bfd0]
Event: 6.686 Thread 0x0000026a79127090 5290       3       com.sun.javafx.font.CharToGlyphMapper::charsToGlyphs (10 bytes)
Event: 6.686 Thread 0x0000026a79127090 nmethod 5290 0x0000026a0081c008 code [0x0000026a0081c100, 0x0000026a0081c2d8]

GC Heap Usage History (20 events):
Event: 0.983 {heap Before GC invocations=2 (full 0):
 garbage-first heap   total reserved 12525568K, committed 40960K, used 10166K [0x0000000503800000, 0x0000000800000000)
  region size 8M, 1 eden (8M), 1 survivor (8M), 2 old (16M), 0 humongous (0M), 1 free (8M)
}
Event: 0.984 {heap After GC invocations=3 (full 0):
 garbage-first heap   total reserved 12525568K, committed 40960K, used 11058K [0x0000000503800000, 0x0000000800000000)
  region size 8M, 0 eden (0M), 1 survivor (8M), 2 old (16M), 0 humongous (0M), 2 free (16M)
}
Event: 1.124 {heap Before GC invocations=3 (full 0):
 garbage-first heap   total reserved 12525568K, committed 40960K, used 19250K [0x0000000503800000, 0x0000000800000000)
  region size 8M, 1 eden (8M), 1 survivor (8M), 2 old (16M), 0 humongous (0M), 1 free (8M)
}
Event: 1.126 {heap After GC invocations=4 (full 0):
 garbage-first heap   total reserved 12525568K, committed 40960K, used 12471K [0x0000000503800000, 0x0000000800000000)
  region size 8M, 0 eden (0M), 1 survivor (8M), 2 old (16M), 0 humongous (0M), 2 free (16M)
}
Event: 1.257 {heap Before GC invocations=4 (full 0):
 garbage-first heap   total reserved 12525568K, committed 40960K, used 20663K [0x0000000503800000, 0x0000000800000000)
  region size 8M, 1 eden (8M), 1 survivor (8M), 2 old (16M), 0 humongous (0M), 1 free (8M)
}
Event: 1.260 {heap After GC invocations=5 (full 0):
 garbage-first heap   total reserved 12525568K, committed 49152K, used 13849K [0x0000000503800000, 0x0000000800000000)
  region size 8M, 0 eden (0M), 1 survivor (8M), 3 old (24M), 0 humongous (0M), 2 free (16M)
}
Event: 1.336 {heap Before GC invocations=5 (full 0):
 garbage-first heap   total reserved 12525568K, committed 49152K, used 22041K [0x0000000503800000, 0x0000000800000000)
  region size 8M, 1 eden (8M), 1 survivor (8M), 3 old (24M), 0 humongous (0M), 1 free (8M)
}
Event: 1.338 {heap After GC invocations=6 (full 0):
 garbage-first heap   total reserved 12525568K, committed 65536K, used 14150K [0x0000000503800000, 0x0000000800000000)
  region size 8M, 0 eden (0M), 1 survivor (8M), 3 old (24M), 0 humongous (0M), 4 free (32M)
}
Event: 2.620 {heap Before GC invocations=6 (full 0):
 garbage-first heap   total reserved 12525568K, committed 65536K, used 30534K [0x0000000503800000, 0x0000000800000000)
  region size 8M, 2 eden (16M), 1 survivor (8M), 3 old (24M), 0 humongous (0M), 2 free (16M)
}
Event: 2.624 {heap After GC invocations=7 (full 0):
 garbage-first heap   total reserved 12525568K, committed 65536K, used 17748K [0x0000000503800000, 0x0000000800000000)
  region size 8M, 0 eden (0M), 1 survivor (8M), 3 old (24M), 0 humongous (0M), 4 free (32M)
}
Event: 2.758 {heap Before GC invocations=7 (full 0):
 garbage-first heap   total reserved 12525568K, committed 65536K, used 25940K [0x0000000503800000, 0x0000000800000000)
  region size 8M, 2 eden (16M), 1 survivor (8M), 3 old (24M), 0 humongous (0M), 2 free (16M)
}
Event: 2.762 {heap After GC invocations=8 (full 0):
 garbage-first heap   total reserved 12525568K, committed 65536K, used 19181K [0x0000000503800000, 0x0000000800000000)
  region size 8M, 0 eden (0M), 1 survivor (8M), 3 old (24M), 0 humongous (0M), 4 free (32M)
}
Event: 2.910 {heap Before GC invocations=9 (full 0):
 garbage-first heap   total reserved 12525568K, committed 65536K, used 35565K [0x0000000503800000, 0x0000000800000000)
  region size 8M, 2 eden (16M), 1 survivor (8M), 3 old (24M), 0 humongous (0M), 2 free (16M)
}
Event: 2.914 {heap After GC invocations=10 (full 0):
 garbage-first heap   total reserved 12525568K, committed 65536K, used 21232K [0x0000000503800000, 0x0000000800000000)
  region size 8M, 0 eden (0M), 1 survivor (8M), 4 old (32M), 0 humongous (0M), 3 free (24M)
}
Event: 3.509 {heap Before GC invocations=10 (full 0):
 garbage-first heap   total reserved 12525568K, committed 65536K, used 37616K [0x0000000503800000, 0x0000000800000000)
  region size 8M, 2 eden (16M), 1 survivor (8M), 4 old (32M), 0 humongous (0M), 1 free (8M)
}
Event: 3.514 {heap After GC invocations=11 (full 0):
 garbage-first heap   total reserved 12525568K, committed 65536K, used 23045K [0x0000000503800000, 0x0000000800000000)
  region size 8M, 0 eden (0M), 1 survivor (8M), 3 old (24M), 0 humongous (0M), 4 free (32M)
}
Event: 5.796 {heap Before GC invocations=11 (full 0):
 garbage-first heap   total reserved 12525568K, committed 65536K, used 39429K [0x0000000503800000, 0x0000000800000000)
  region size 8M, 2 eden (16M), 1 survivor (8M), 3 old (24M), 0 humongous (0M), 2 free (16M)
}
Event: 5.799 {heap After GC invocations=12 (full 0):
 garbage-first heap   total reserved 12525568K, committed 65536K, used 25209K [0x0000000503800000, 0x0000000800000000)
  region size 8M, 0 eden (0M), 1 survivor (8M), 3 old (24M), 0 humongous (0M), 4 free (32M)
}
Event: 6.119 {heap Before GC invocations=12 (full 0):
 garbage-first heap   total reserved 12525568K, committed 65536K, used 41593K [0x0000000503800000, 0x0000000800000000)
  region size 8M, 2 eden (16M), 1 survivor (8M), 3 old (24M), 0 humongous (0M), 2 free (16M)
}
Event: 6.122 {heap After GC invocations=13 (full 0):
 garbage-first heap   total reserved 12525568K, committed 65536K, used 26096K [0x0000000503800000, 0x0000000800000000)
  region size 8M, 0 eden (0M), 1 survivor (8M), 3 old (24M), 0 humongous (0M), 4 free (32M)
}

Metaspace Usage History (20 events):
Event: 0.983 {metaspace Before GC invocations=2 (full 0):
 Metaspace       used 4477K, committed 4608K, reserved 1114112K
  class space    used 421K, committed 448K, reserved 1048576K
}
Event: 0.984 {metaspace After GC invocations=3 (full 0):
 Metaspace       used 4477K, committed 4608K, reserved 1114112K
  class space    used 421K, committed 448K, reserved 1048576K
}
Event: 1.124 {metaspace Before GC invocations=3 (full 0):
 Metaspace       used 7121K, committed 7296K, reserved 1114112K
  class space    used 913K, committed 1024K, reserved 1048576K
}
Event: 1.126 {metaspace After GC invocations=4 (full 0):
 Metaspace       used 7121K, committed 7296K, reserved 1114112K
  class space    used 913K, committed 1024K, reserved 1048576K
}
Event: 1.257 {metaspace Before GC invocations=4 (full 0):
 Metaspace       used 9134K, committed 9280K, reserved 1114112K
  class space    used 1224K, committed 1280K, reserved 1048576K
}
Event: 1.260 {metaspace After GC invocations=5 (full 0):
 Metaspace       used 9134K, committed 9280K, reserved 1114112K
  class space    used 1224K, committed 1280K, reserved 1048576K
}
Event: 1.336 {metaspace Before GC invocations=5 (full 0):
 Metaspace       used 11761K, committed 11968K, reserved 1114112K
  class space    used 1574K, committed 1664K, reserved 1048576K
}
Event: 1.338 {metaspace After GC invocations=6 (full 0):
 Metaspace       used 11761K, committed 11968K, reserved 1114112K
  class space    used 1574K, committed 1664K, reserved 1048576K
}
Event: 2.620 {metaspace Before GC invocations=6 (full 0):
 Metaspace       used 16489K, committed 16704K, reserved 1114112K
  class space    used 2245K, committed 2368K, reserved 1048576K
}
Event: 2.624 {metaspace After GC invocations=7 (full 0):
 Metaspace       used 16489K, committed 16704K, reserved 1114112K
  class space    used 2245K, committed 2368K, reserved 1048576K
}
Event: 2.758 {metaspace Before GC invocations=7 (full 0):
 Metaspace       used 21306K, committed 21504K, reserved 1114112K
  class space    used 2781K, committed 2880K, reserved 1048576K
}
Event: 2.762 {metaspace After GC invocations=8 (full 0):
 Metaspace       used 21306K, committed 21504K, reserved 1114112K
  class space    used 2781K, committed 2880K, reserved 1048576K
}
Event: 2.910 {metaspace Before GC invocations=9 (full 0):
 Metaspace       used 24368K, committed 24640K, reserved 1114112K
  class space    used 3340K, committed 3456K, reserved 1048576K
}
Event: 2.914 {metaspace After GC invocations=10 (full 0):
 Metaspace       used 24368K, committed 24640K, reserved 1114112K
  class space    used 3340K, committed 3456K, reserved 1048576K
}
Event: 3.509 {metaspace Before GC invocations=10 (full 0):
 Metaspace       used 29279K, committed 29568K, reserved 1114112K
  class space    used 4169K, committed 4288K, reserved 1048576K
}
Event: 3.514 {metaspace After GC invocations=11 (full 0):
 Metaspace       used 29279K, committed 29568K, reserved 1114112K
  class space    used 4169K, committed 4288K, reserved 1048576K
}
Event: 5.796 {metaspace Before GC invocations=11 (full 0):
 Metaspace       used 30741K, committed 31104K, reserved 1114112K
  class space    used 4290K, committed 4480K, reserved 1048576K
}
Event: 5.799 {metaspace After GC invocations=12 (full 0):
 Metaspace       used 30741K, committed 31104K, reserved 1114112K
  class space    used 4290K, committed 4480K, reserved 1048576K
}
Event: 6.119 {metaspace Before GC invocations=12 (full 0):
 Metaspace       used 31395K, committed 31744K, reserved 1114112K
  class space    used 4351K, committed 4480K, reserved 1048576K
}
Event: 6.122 {metaspace After GC invocations=13 (full 0):
 Metaspace       used 31395K, committed 31744K, reserved 1114112K
  class space    used 4351K, committed 4480K, reserved 1048576K
}

Dll operation events (20 events):
Event: 0.547 Attempting to load shared library C:\Users\lolaa\.openjfx\cache\20.0.2+3\amd64\vcruntime140_1.dll
Event: 0.547 Loaded shared library C:\Users\lolaa\.openjfx\cache\20.0.2+3\amd64\vcruntime140_1.dll
Event: 0.554 Attempting to load shared library C:\Users\lolaa\.openjfx\cache\20.0.2+3\amd64\msvcp140.dll
Event: 0.554 Loaded shared library C:\Users\lolaa\.openjfx\cache\20.0.2+3\amd64\msvcp140.dll
Event: 0.556 Attempting to load shared library C:\Users\lolaa\.openjfx\cache\20.0.2+3\amd64\msvcp140_1.dll
Event: 0.557 Loaded shared library C:\Users\lolaa\.openjfx\cache\20.0.2+3\amd64\msvcp140_1.dll
Event: 0.560 Attempting to load shared library C:\Users\lolaa\.openjfx\cache\20.0.2+3\amd64\msvcp140_2.dll
Event: 0.560 Loaded shared library C:\Users\lolaa\.openjfx\cache\20.0.2+3\amd64\msvcp140_2.dll
Event: 0.592 Attempting to load shared library C:\Users\lolaa\.openjfx\cache\20.0.2+3\amd64\prism_d3d.dll
Event: 0.593 Loaded shared library C:\Users\lolaa\.openjfx\cache\20.0.2+3\amd64\prism_d3d.dll
Event: 0.716 Attempting to load shared library C:\Users\lolaa\.openjfx\cache\20.0.2+3\amd64\glass.dll
Event: 0.717 Loaded shared library C:\Users\lolaa\.openjfx\cache\20.0.2+3\amd64\glass.dll
Event: 1.100 Attempting to load shared library C:\Users\lolaa\.openjfx\cache\20.0.2+3\amd64\javafx_font.dll
Event: 1.100 Loaded shared library C:\Users\lolaa\.openjfx\cache\20.0.2+3\amd64\javafx_font.dll
Event: 2.510 Attempting to load shared library C:\Users\lolaa\.openjfx\cache\20.0.2+3\amd64\jfxwebkit.dll
Event: 2.512 Loaded shared library C:\Users\lolaa\.openjfx\cache\20.0.2+3\amd64\jfxwebkit.dll
Event: 2.570 Attempting to load shared library C:\Users\lolaa\.jdks\openjdk-26\bin\sunmscapi.dll
Event: 2.572 Loaded shared library C:\Users\lolaa\.jdks\openjdk-26\bin\sunmscapi.dll
Event: 6.186 Attempting to load shared library C:\Users\lolaa\.jdks\openjdk-26\bin\awt.dll
Event: 6.270 Loaded shared library C:\Users\lolaa\.jdks\openjdk-26\bin\awt.dll

Deoptimization events (20 events):
Event: 6.355 Thread 0x0000026a205030e0 DEOPT PACKING pc=0x0000026a007a5d0d sp=0x0000008248efdfd0
Event: 6.355 Thread 0x0000026a205030e0 DEOPT UNPACKING pc=0x0000026a075815a2 sp=0x0000008248efd498 mode 0
Event: 6.356 Thread 0x0000026a205030e0 DEOPT PACKING pc=0x0000026a007994b3 sp=0x0000008248efe160
Event: 6.356 Thread 0x0000026a205030e0 DEOPT UNPACKING pc=0x0000026a075815a2 sp=0x0000008248efd650 mode 0
Event: 6.356 Thread 0x0000026a205030e0 DEOPT PACKING pc=0x0000026a007a5c0e sp=0x0000008248efdfc0
Event: 6.356 Thread 0x0000026a205030e0 DEOPT UNPACKING pc=0x0000026a075815a2 sp=0x0000008248efd478 mode 0
Event: 6.356 Thread 0x0000026a205030e0 DEOPT PACKING pc=0x0000026a007a5d0d sp=0x0000008248efdfd0
Event: 6.356 Thread 0x0000026a205030e0 DEOPT UNPACKING pc=0x0000026a075815a2 sp=0x0000008248efd498 mode 0
Event: 6.356 Thread 0x0000026a205030e0 DEOPT PACKING pc=0x0000026a007a5d0d sp=0x0000008248efdfd0
Event: 6.356 Thread 0x0000026a205030e0 DEOPT UNPACKING pc=0x0000026a075815a2 sp=0x0000008248efd498 mode 0
Event: 6.357 Thread 0x0000026a205030e0 DEOPT PACKING pc=0x0000026a007a5d0d sp=0x0000008248efdfd0
Event: 6.357 Thread 0x0000026a205030e0 DEOPT UNPACKING pc=0x0000026a075815a2 sp=0x0000008248efd498 mode 0
Event: 6.494 Thread 0x0000026a205030e0 Uncommon trap: trap_request=0xffffff45 fr.pc=0x0000026a07c6a53c relative=0x00000000000000bc
Event: 6.494 Thread 0x0000026a205030e0 Uncommon trap: reason=unstable_if action=reinterpret pc=0x0000026a07c6a53c method=java.lang.Math.round(D)J @ 48 c2
Event: 6.494 Thread 0x0000026a205030e0 DEOPT PACKING pc=0x0000026a07c6a53c sp=0x0000008248efd290
Event: 6.494 Thread 0x0000026a205030e0 DEOPT UNPACKING pc=0x0000026a07661402 sp=0x0000008248efd1e0 mode 2
Event: 6.688 Thread 0x0000026a205b48b0 Uncommon trap: trap_request=0xffffff95 fr.pc=0x0000026a07c18118 relative=0x0000000000009c18
Event: 6.688 Thread 0x0000026a205b48b0 Uncommon trap: reason=unreached action=reinterpret pc=0x0000026a07c18118 method=jdk.internal.loader.BuiltinClassLoader.loadClassOrNull(Ljava/lang/String;Z)Ljava/lang/Class; @ 136 c2
Event: 6.688 Thread 0x0000026a205b48b0 DEOPT PACKING pc=0x0000026a07c18118 sp=0x0000008248dfced0
Event: 6.688 Thread 0x0000026a205b48b0 DEOPT UNPACKING pc=0x0000026a07661402 sp=0x0000008248dfcf10 mode 2

Classes loaded (20 events):
Event: 6.327 Loading class java/awt/Desktop$Action
Event: 6.327 Loading class java/awt/Desktop$Action done
Event: 6.327 Loading class sun/awt/windows/WDesktopPeer$1
Event: 6.327 Loading class sun/awt/windows/WDesktopPeer$1 done
Event: 6.353 Loading class java/lang/ProcessBuilder
Event: 6.353 Loading class java/lang/ProcessBuilder done
Event: 6.354 Loading class java/lang/ProcessImpl
Event: 6.354 Loading class java/lang/Process
Event: 6.354 Loading class java/lang/Process done
Event: 6.354 Loading class java/lang/ProcessImpl done
Event: 6.367 Loading class java/lang/ProcessHandleImpl
Event: 6.368 Loading class java/lang/ProcessHandle
Event: 6.368 Loading class java/lang/ProcessHandle done
Event: 6.368 Loading class java/lang/ProcessHandleImpl done
Event: 6.369 Loading class java/lang/Process$PipeOutputStream
Event: 6.369 Loading class java/lang/Process$PipeOutputStream done
Event: 6.369 Loading class java/lang/Process$PipeInputStream
Event: 6.369 Loading class java/lang/Process$PipeInputStream done
Event: 6.369 Loading class jdk/internal/event/ProcessStartEvent
Event: 6.369 Loading class jdk/internal/event/ProcessStartEvent done

Classes unloaded (0 events):
No events

Classes redefined (0 events):
No events

Internal exceptions (20 events):
Event: 3.440 Thread 0x0000026a2317f630 Exception <a 'java/lang/NoSuchMethodError'{0x00000005051df330}: 'void java.lang.invoke.DirectMethodHandle$Holder.invokeStatic(java.lang.Object, java.lang.Object, int, java.lang.Object)'> (0x00000005051df330) 
thrown [s\open\src\hotspot\share\interpreter\linkResolver.cpp, line 804]
Event: 3.441 Thread 0x0000026a2317f630 Exception <a 'java/lang/NoSuchMethodError'{0x00000005051ef660}: 'void java.lang.invoke.DelegatingMethodHandle$Holder.delegate(java.lang.Object, java.lang.Object, int, java.lang.Object)'> (0x00000005051ef660) 
thrown [s\open\src\hotspot\share\interpreter\linkResolver.cpp, line 804]
Event: 5.722 Thread 0x0000026a2c91caa0 Exception <a 'sun/nio/fs/WindowsException'{0x0000000505e38010}> (0x0000000505e38010) 
thrown [s\open\src\hotspot\share\prims\jni.cpp, line 514]
Event: 5.976 Thread 0x0000026a205b48b0 Exception <a 'java/io/FileNotFoundException'{0x00000005058060b8}> (0x00000005058060b8) 
thrown [s\open\src\hotspot\share\prims\jni.cpp, line 514]
Event: 5.977 Thread 0x0000026a205b48b0 Exception <a 'java/io/FileNotFoundException'{0x0000000505806ed8}> (0x0000000505806ed8) 
thrown [s\open\src\hotspot\share\prims\jni.cpp, line 514]
Event: 5.977 Thread 0x0000026a205b48b0 Exception <a 'java/io/FileNotFoundException'{0x0000000505807d10}> (0x0000000505807d10) 
thrown [s\open\src\hotspot\share\prims\jni.cpp, line 514]
Event: 5.977 Thread 0x0000026a205b48b0 Exception <a 'java/io/FileNotFoundException'{0x0000000505808b28}> (0x0000000505808b28) 
thrown [s\open\src\hotspot\share\prims\jni.cpp, line 514]
Event: 5.977 Thread 0x0000026a205b48b0 Exception <a 'java/io/FileNotFoundException'{0x0000000505809e30}> (0x0000000505809e30) 
thrown [s\open\src\hotspot\share\prims\jni.cpp, line 514]
Event: 5.977 Thread 0x0000026a205b48b0 Exception <a 'java/io/FileNotFoundException'{0x000000050580ad50}> (0x000000050580ad50) 
thrown [s\open\src\hotspot\share\prims\jni.cpp, line 514]
Event: 5.977 Thread 0x0000026a205b48b0 Exception <a 'java/io/FileNotFoundException'{0x000000050580bc30}> (0x000000050580bc30) 
thrown [s\open\src\hotspot\share\prims\jni.cpp, line 514]
Event: 5.998 Thread 0x0000026a205b48b0 Exception <a 'java/lang/ClassNotFoundException'{0x00000005058c2790}: sun/net/www/protocol/about/Handler> (0x00000005058c2790) 
thrown [s\open\src\hotspot\share\classfile\systemDictionary.cpp, line 329]
Event: 6.136 Thread 0x0000026a230efa30 Implicit null exception at 0x0000026a07c8ade7 to 0x0000026a07c8ae74
Event: 6.184 Thread 0x0000026a230efa30 Exception <a 'java/lang/ClassNotFoundException'{0x00000005058b88c8}: sun/awt/resources/spi/awtProvider> (0x00000005058b88c8) 
thrown [s\open\src\hotspot\share\classfile\systemDictionary.cpp, line 329]
Event: 6.271 Thread 0x0000026a230efa30 Exception <a 'java/io/FileNotFoundException'{0x00000005058bb020}> (0x00000005058bb020) 
thrown [s\open\src\hotspot\share\prims\jni.cpp, line 514]
Event: 6.271 Thread 0x0000026a230efa30 Exception <a 'java/io/FileNotFoundException'{0x00000005058bba28}> (0x00000005058bba28) 
thrown [s\open\src\hotspot\share\prims\jni.cpp, line 514]
Event: 6.366 Thread 0x0000026a230efa30 Exception <a 'java/lang/NoSuchMethodError'{0x000000050508efb0}: 'void java.lang.invoke.DirectMethodHandle$Holder.invokeStatic(java.lang.Object, long)'> (0x000000050508efb0) 
thrown [s\open\src\hotspot\share\interpreter\linkResolver.cpp, line 804]
Event: 6.367 Thread 0x0000026a230efa30 Exception <a 'java/lang/NoSuchMethodError'{0x000000050509db68}: 'java.lang.Object java.lang.invoke.DirectMethodHandle$Holder.newInvokeSpecial(java.lang.Object, long)'> (0x000000050509db68) 
thrown [s\open\src\hotspot\share\interpreter\linkResolver.cpp, line 804]
Event: 6.368 Thread 0x0000026a230efa30 Exception <a 'java/lang/NoSuchMethodError'{0x00000005050a6800}: 'java.lang.Object java.lang.invoke.DirectMethodHandle$Holder.invokeStatic(java.lang.Object, long, java.lang.Object)'> (0x00000005050a6800) 
thrown [s\open\src\hotspot\share\interpreter\linkResolver.cpp, line 804]
Event: 6.368 Thread 0x0000026a230efa30 Exception <a 'java/lang/NoSuchMethodError'{0x0000000505119c38}: 'java.lang.Object java.lang.invoke.DirectMethodHandle$Holder.invokeStaticInit(java.lang.Object, long, java.lang.Object)'> (0x0000000505119c38) 
thrown [s\open\src\hotspot\share\interpreter\linkResolver.cpp, line 804]
Event: 6.688 Thread 0x0000026a205b48b0 Exception <a 'java/lang/NoClassDefFoundError'{0x0000000505214c00}: netscape/javascript/JSObject> (0x0000000505214c00) 
thrown [s\open\src\hotspot\share\classfile\systemDictionary.cpp, line 318]

VM Operations (20 events):
Event: 2.812 Executing non-safepoint VM operation: HandshakeAllThreads (Deoptimize)
Event: 2.812 Executing non-safepoint VM operation: HandshakeAllThreads (Deoptimize) done
Event: 2.818 Executing non-safepoint VM operation: HandshakeAllThreads (Deoptimize)
Event: 2.818 Executing non-safepoint VM operation: HandshakeAllThreads (Deoptimize) done
Event: 2.910 Executing safepoint VM operation: G1CollectForAllocation (G1 Evacuation Pause)
Event: 2.914 Executing safepoint VM operation: G1CollectForAllocation (G1 Evacuation Pause) done
Event: 2.921 Executing non-safepoint VM operation: HandshakeAllThreads (Deoptimize)
Event: 2.921 Executing non-safepoint VM operation: HandshakeAllThreads (Deoptimize) done
Event: 2.922 Executing non-safepoint VM operation: HandshakeAllThreads (Deoptimize)
Event: 2.922 Executing non-safepoint VM operation: HandshakeAllThreads (Deoptimize) done
Event: 3.320 Executing non-safepoint VM operation: HandshakeAllThreads (Deoptimize)
Event: 3.320 Executing non-safepoint VM operation: HandshakeAllThreads (Deoptimize) done
Event: 3.440 Executing non-safepoint VM operation: HandshakeAllThreads (Deoptimize)
Event: 3.440 Executing non-safepoint VM operation: HandshakeAllThreads (Deoptimize) done
Event: 3.509 Executing safepoint VM operation: G1CollectForAllocation (G1 Evacuation Pause)
Event: 3.514 Executing safepoint VM operation: G1CollectForAllocation (G1 Evacuation Pause) done
Event: 5.796 Executing safepoint VM operation: G1CollectForAllocation (G1 Evacuation Pause)
Event: 5.799 Executing safepoint VM operation: G1CollectForAllocation (G1 Evacuation Pause) done
Event: 6.119 Executing safepoint VM operation: G1CollectForAllocation (G1 Evacuation Pause)
Event: 6.122 Executing safepoint VM operation: G1CollectForAllocation (G1 Evacuation Pause) done

Memory protections (0 events):
No events

Nmethod flushes (0 events):
No events

Events (20 events):
Event: 6.214 Thread 0x0000026a20154370 Thread added: 0x0000026a2ce61650
Event: 6.214 Thread 0x0000026a20154370 Thread added: 0x0000026a230f0200
Event: 6.225 Thread 0x0000026a23182ce0 Thread added: 0x0000026a22ed9da0
Event: 6.316 Thread 0x0000026a230efa30 Thread added: 0x0000026a2ef0c5f0
Event: 6.317 Thread 0x0000026a230efa30 Thread added: 0x0000026a2ef06060
Event: 6.317 Thread 0x0000026a230efa30 Thread added: 0x0000026a2ef0d590
Event: 6.327 Thread 0x0000026a2ef07000 Thread added: 0x0000026a2ef07000
Event: 6.327 Thread 0x0000026a2ef07000 Thread exited: 0x0000026a2ef07000
Event: 6.493 Thread 0x0000026a2db29870 Thread exited: 0x0000026a2db29870
Event: 6.505 Thread 0x0000026a308d50f0 Thread added: 0x0000026a308d50f0
Event: 6.505 Thread 0x0000026a308d50f0 Thread exited: 0x0000026a308d50f0
Event: 6.505 Thread 0x0000026a308d58c0 Thread added: 0x0000026a308d58c0
Event: 6.505 Thread 0x0000026a308d58c0 Thread exited: 0x0000026a308d58c0
Event: 6.505 Thread 0x0000026a308da6e0 Thread added: 0x0000026a308da6e0
Event: 6.505 Thread 0x0000026a308da6e0 Thread exited: 0x0000026a308da6e0
Event: 6.511 Thread 0x0000026a308d58c0 Thread added: 0x0000026a308d58c0
Event: 6.511 Thread 0x0000026a308d58c0 Thread exited: 0x0000026a308d58c0
Event: 6.511 Thread 0x0000026a308dbe50 Thread added: 0x0000026a308dbe50
Event: 6.511 Thread 0x0000026a308dbe50 Thread exited: 0x0000026a308dbe50
Event: 6.676 Thread 0x0000026a2db2c0c0 Thread exited: 0x0000026a2db2c0c0


Dynamic libraries:
0x00007ff6c4a20000 - 0x00007ff6c4a2e000 	C:\Users\lolaa\.jdks\openjdk-26\bin\java.exe
0x00007ff87a9b0000 - 0x00007ff87aba8000 	C:\windows\SYSTEM32\ntdll.dll
0x00007ff879af0000 - 0x00007ff879bb2000 	C:\windows\System32\KERNEL32.DLL
0x00007ff878010000 - 0x00007ff878306000 	C:\windows\System32\KERNELBASE.dll
0x00007ff8784e0000 - 0x00007ff8785e0000 	C:\windows\System32\ucrtbase.dll
0x00007ff857a10000 - 0x00007ff857a27000 	C:\Users\lolaa\.jdks\openjdk-26\bin\jli.dll
0x00007ff857ca0000 - 0x00007ff857cbe000 	C:\Users\lolaa\.jdks\openjdk-26\bin\VCRUNTIME140.dll
0x00007ff879c20000 - 0x00007ff879dc1000 	C:\windows\System32\USER32.dll
0x00007ff878390000 - 0x00007ff8783b2000 	C:\windows\System32\win32u.dll
0x00007ff85e410000 - 0x00007ff85e6ab000 	C:\windows\WinSxS\amd64_microsoft.windows.common-controls_6595b64144ccf1df_6.0.19041.6456_none_60b8a6cb71f64256\COMCTL32.dll
0x00007ff8794b0000 - 0x00007ff8794db000 	C:\windows\System32\GDI32.dll
0x00007ff879270000 - 0x00007ff87930e000 	C:\windows\System32\msvcrt.dll
0x00007ff8783c0000 - 0x00007ff8784d9000 	C:\windows\System32\gdi32full.dll
0x00007ff8785e0000 - 0x00007ff87867d000 	C:\windows\System32\msvcp_win.dll
0x00007ff8794f0000 - 0x00007ff87951f000 	C:\windows\System32\IMM32.DLL
0x00007ff8708f0000 - 0x00007ff8708fc000 	C:\Users\lolaa\.jdks\openjdk-26\bin\vcruntime140_1.dll
0x00007ff849da0000 - 0x00007ff849e2d000 	C:\Users\lolaa\.jdks\openjdk-26\bin\msvcp140.dll
0x00007ffffaab0000 - 0x00007ffffb97e000 	C:\Users\lolaa\.jdks\openjdk-26\bin\server\jvm.dll
0x00007ff879900000 - 0x00007ff8799b1000 	C:\windows\System32\ADVAPI32.dll
0x00007ff8799f0000 - 0x00007ff879a8f000 	C:\windows\System32\sechost.dll
0x00007ff879dd0000 - 0x00007ff879ef0000 	C:\windows\System32\RPCRT4.dll
0x00007ff8788e0000 - 0x00007ff878907000 	C:\windows\System32\bcrypt.dll
0x00007ff879600000 - 0x00007ff87966b000 	C:\windows\System32\WS2_32.dll
0x00007ff871d60000 - 0x00007ff871d6a000 	C:\windows\SYSTEM32\VERSION.dll
0x00007ff8775a0000 - 0x00007ff8775eb000 	C:\windows\SYSTEM32\POWRPROF.dll
0x00007ff8628c0000 - 0x00007ff8628e7000 	C:\windows\SYSTEM32\WINMM.dll
0x00007ff877410000 - 0x00007ff877422000 	C:\windows\SYSTEM32\UMPDC.dll
0x00007ff8767f0000 - 0x00007ff876802000 	C:\windows\SYSTEM32\kernel.appcore.dll
0x00007ff8579e0000 - 0x00007ff8579ea000 	C:\Users\lolaa\.jdks\openjdk-26\bin\jimage.dll
0x00007ff875b60000 - 0x00007ff875d61000 	C:\windows\SYSTEM32\DBGHELP.DLL
0x00007ff854940000 - 0x00007ff854974000 	C:\windows\SYSTEM32\dbgcore.DLL
0x00007ff878910000 - 0x00007ff878992000 	C:\windows\System32\bcryptPrimitives.dll
0x00007ff849d90000 - 0x00007ff849da0000 	C:\Users\lolaa\.jdks\openjdk-26\bin\instrument.dll
0x00007ff8579f0000 - 0x00007ff857a0f000 	C:\Users\lolaa\.jdks\openjdk-26\bin\java.dll
0x00007ff8797d0000 - 0x00007ff8798fb000 	C:\windows\System32\ole32.dll
0x00007ff879ef0000 - 0x00007ff87a244000 	C:\windows\System32\combase.dll
0x00007ff878b00000 - 0x00007ff879270000 	C:\windows\System32\SHELL32.dll
0x00007ff876030000 - 0x00007ff8767d5000 	C:\windows\SYSTEM32\windows.storage.dll
0x00007ff877a40000 - 0x00007ff877a6b000 	C:\windows\SYSTEM32\Wldp.dll
0x00007ff879700000 - 0x00007ff8797cd000 	C:\windows\System32\OLEAUT32.dll
0x00007ff8789a0000 - 0x00007ff878a4d000 	C:\windows\System32\SHCORE.dll
0x00007ff87a880000 - 0x00007ff87a8db000 	C:\windows\System32\shlwapi.dll
0x00007ff877f40000 - 0x00007ff877f64000 	C:\windows\SYSTEM32\profapi.dll
0x00007ff846120000 - 0x00007ff846137000 	C:\Users\lolaa\.jdks\openjdk-26\bin\zip.dll
0x00007ff852890000 - 0x00007ff8528a2000 	C:\Users\lolaa\.jdks\openjdk-26\bin\net.dll
0x00007ff8777a0000 - 0x00007ff87780a000 	C:\windows\system32\mswsock.dll
0x00007ff851110000 - 0x00007ff851126000 	C:\Users\lolaa\.jdks\openjdk-26\bin\nio.dll
0x00007ff852880000 - 0x00007ff852889000 	C:\Users\lolaa\.jdks\openjdk-26\bin\extnet.dll
0x0000026a1af30000 - 0x0000026a1af33000 	C:\Users\lolaa\.openjfx\cache\20.0.2+3\amd64\api-ms-win-core-console-l1-1-0.dll
0x0000026a1af40000 - 0x0000026a1af43000 	C:\Users\lolaa\.openjfx\cache\20.0.2+3\amd64\api-ms-win-core-console-l1-2-0.dll
0x0000026a1af50000 - 0x0000026a1af53000 	C:\Users\lolaa\.openjfx\cache\20.0.2+3\amd64\api-ms-win-core-datetime-l1-1-0.dll
0x0000026a1af60000 - 0x0000026a1af63000 	C:\Users\lolaa\.openjfx\cache\20.0.2+3\amd64\api-ms-win-core-debug-l1-1-0.dll
0x0000026a1af70000 - 0x0000026a1af73000 	C:\Users\lolaa\.openjfx\cache\20.0.2+3\amd64\api-ms-win-core-errorhandling-l1-1-0.dll
0x0000026a1af80000 - 0x0000026a1af84000 	C:\Users\lolaa\.openjfx\cache\20.0.2+3\amd64\api-ms-win-core-file-l1-1-0.dll
0x0000026a1af90000 - 0x0000026a1af93000 	C:\Users\lolaa\.openjfx\cache\20.0.2+3\amd64\api-ms-win-core-file-l1-2-0.dll
0x0000026a1afa0000 - 0x0000026a1afa3000 	C:\Users\lolaa\.openjfx\cache\20.0.2+3\amd64\api-ms-win-core-file-l2-1-0.dll
0x0000026a1afb0000 - 0x0000026a1afb3000 	C:\Users\lolaa\.openjfx\cache\20.0.2+3\amd64\api-ms-win-core-handle-l1-1-0.dll
0x0000026a1afc0000 - 0x0000026a1afc3000 	C:\Users\lolaa\.openjfx\cache\20.0.2+3\amd64\api-ms-win-core-heap-l1-1-0.dll
0x0000026a1afd0000 - 0x0000026a1afd3000 	C:\Users\lolaa\.openjfx\cache\20.0.2+3\amd64\api-ms-win-core-interlocked-l1-1-0.dll
0x0000026a1afe0000 - 0x0000026a1afe3000 	C:\Users\lolaa\.openjfx\cache\20.0.2+3\amd64\api-ms-win-core-libraryloader-l1-1-0.dll
0x0000026a1aff0000 - 0x0000026a1aff3000 	C:\Users\lolaa\.openjfx\cache\20.0.2+3\amd64\api-ms-win-core-localization-l1-2-0.dll
0x0000026a20bd0000 - 0x0000026a20bd3000 	C:\Users\lolaa\.openjfx\cache\20.0.2+3\amd64\api-ms-win-core-memory-l1-1-0.dll
0x0000026a20be0000 - 0x0000026a20be3000 	C:\Users\lolaa\.openjfx\cache\20.0.2+3\amd64\api-ms-win-core-namedpipe-l1-1-0.dll
0x0000026a20bf0000 - 0x0000026a20bf3000 	C:\Users\lolaa\.openjfx\cache\20.0.2+3\amd64\api-ms-win-core-processenvironment-l1-1-0.dll
0x0000026a20c00000 - 0x0000026a20c03000 	C:\Users\lolaa\.openjfx\cache\20.0.2+3\amd64\api-ms-win-core-processthreads-l1-1-0.dll
0x0000026a20c10000 - 0x0000026a20c13000 	C:\Users\lolaa\.openjfx\cache\20.0.2+3\amd64\api-ms-win-core-processthreads-l1-1-1.dll
0x0000026a20c20000 - 0x0000026a20c23000 	C:\Users\lolaa\.openjfx\cache\20.0.2+3\amd64\api-ms-win-core-profile-l1-1-0.dll
0x0000026a20c30000 - 0x0000026a20c33000 	C:\Users\lolaa\.openjfx\cache\20.0.2+3\amd64\api-ms-win-core-rtlsupport-l1-1-0.dll
0x0000026a20c40000 - 0x0000026a20c43000 	C:\Users\lolaa\.openjfx\cache\20.0.2+3\amd64\api-ms-win-core-string-l1-1-0.dll
0x0000026a20c50000 - 0x0000026a20c53000 	C:\Users\lolaa\.openjfx\cache\20.0.2+3\amd64\api-ms-win-core-synch-l1-1-0.dll
0x0000026a20c60000 - 0x0000026a20c63000 	C:\Users\lolaa\.openjfx\cache\20.0.2+3\amd64\api-ms-win-core-synch-l1-2-0.dll
0x0000026a20c70000 - 0x0000026a20c73000 	C:\Users\lolaa\.openjfx\cache\20.0.2+3\amd64\api-ms-win-core-sysinfo-l1-1-0.dll
0x0000026a20c80000 - 0x0000026a20c83000 	C:\Users\lolaa\.openjfx\cache\20.0.2+3\amd64\api-ms-win-core-timezone-l1-1-0.dll
0x0000026a20c90000 - 0x0000026a20c93000 	C:\Users\lolaa\.openjfx\cache\20.0.2+3\amd64\api-ms-win-core-util-l1-1-0.dll
0x0000026a20ca0000 - 0x0000026a20ca3000 	C:\Users\lolaa\.openjfx\cache\20.0.2+3\amd64\api-ms-win-crt-conio-l1-1-0.dll
0x0000026a20cb0000 - 0x0000026a20cb4000 	C:\Users\lolaa\.openjfx\cache\20.0.2+3\amd64\api-ms-win-crt-convert-l1-1-0.dll
0x0000026a20cc0000 - 0x0000026a20cc3000 	C:\Users\lolaa\.openjfx\cache\20.0.2+3\amd64\api-ms-win-crt-environment-l1-1-0.dll
0x0000026a20cd0000 - 0x0000026a20cd3000 	C:\Users\lolaa\.openjfx\cache\20.0.2+3\amd64\api-ms-win-crt-filesystem-l1-1-0.dll
0x0000026a20ce0000 - 0x0000026a20ce3000 	C:\Users\lolaa\.openjfx\cache\20.0.2+3\amd64\api-ms-win-crt-heap-l1-1-0.dll
0x0000026a20cf0000 - 0x0000026a20cf3000 	C:\Users\lolaa\.openjfx\cache\20.0.2+3\amd64\api-ms-win-crt-locale-l1-1-0.dll
0x0000026a20d00000 - 0x0000026a20d05000 	C:\Users\lolaa\.openjfx\cache\20.0.2+3\amd64\api-ms-win-crt-math-l1-1-0.dll
0x0000026a20d10000 - 0x0000026a20d15000 	C:\Users\lolaa\.openjfx\cache\20.0.2+3\amd64\api-ms-win-crt-multibyte-l1-1-0.dll
0x0000026a20d20000 - 0x0000026a20d30000 	C:\Users\lolaa\.openjfx\cache\20.0.2+3\amd64\api-ms-win-crt-private-l1-1-0.dll
0x0000026a20d30000 - 0x0000026a20d33000 	C:\Users\lolaa\.openjfx\cache\20.0.2+3\amd64\api-ms-win-crt-process-l1-1-0.dll
0x0000026a20d40000 - 0x0000026a20d44000 	C:\Users\lolaa\.openjfx\cache\20.0.2+3\amd64\api-ms-win-crt-runtime-l1-1-0.dll
0x0000026a20d50000 - 0x0000026a20d54000 	C:\Users\lolaa\.openjfx\cache\20.0.2+3\amd64\api-ms-win-crt-stdio-l1-1-0.dll
0x0000026a20d60000 - 0x0000026a20d64000 	C:\Users\lolaa\.openjfx\cache\20.0.2+3\amd64\api-ms-win-crt-string-l1-1-0.dll
0x0000026a20d70000 - 0x0000026a20d73000 	C:\Users\lolaa\.openjfx\cache\20.0.2+3\amd64\api-ms-win-crt-time-l1-1-0.dll
0x0000026a20d80000 - 0x0000026a20d83000 	C:\Users\lolaa\.openjfx\cache\20.0.2+3\amd64\api-ms-win-crt-utility-l1-1-0.dll
0x00007ff815d80000 - 0x00007ff815e7c000 	C:\Users\lolaa\.openjfx\cache\20.0.2+3\amd64\ucrtbase.dll
0x00007ff835890000 - 0x00007ff8358ab000 	C:\Users\lolaa\.openjfx\cache\20.0.2+3\amd64\vcruntime140.dll
0x00007ff83af30000 - 0x00007ff83af3c000 	C:\Users\lolaa\.openjfx\cache\20.0.2+3\amd64\vcruntime140_1.dll
0x00007ff8155f0000 - 0x00007ff81567e000 	C:\Users\lolaa\.openjfx\cache\20.0.2+3\amd64\msvcp140.dll
0x00007ff838bd0000 - 0x00007ff838bd9000 	C:\Users\lolaa\.openjfx\cache\20.0.2+3\amd64\msvcp140_1.dll
0x00007ff818920000 - 0x00007ff818950000 	C:\Users\lolaa\.openjfx\cache\20.0.2+3\amd64\msvcp140_2.dll
0x00007ff816dc0000 - 0x00007ff816def000 	C:\Users\lolaa\.openjfx\cache\20.0.2+3\amd64\prism_d3d.dll
0x00007ff8447e0000 - 0x00007ff8449b1000 	C:\windows\system32\d3d9.dll
0x00007ff875650000 - 0x00007ff87567e000 	C:\windows\SYSTEM32\dwmapi.dll
0x00007ff875470000 - 0x00007ff87550e000 	C:\windows\system32\uxtheme.dll
0x00007ff877bd0000 - 0x00007ff877be2000 	C:\windows\SYSTEM32\msasn1.dll
0x00007ff86f5f0000 - 0x00007ff86f621000 	C:\windows\SYSTEM32\cryptnet.dll
0x00007ff878680000 - 0x00007ff8787dd000 	C:\windows\System32\CRYPT32.dll
0x00007ff8779b0000 - 0x00007ff8779bc000 	C:\windows\SYSTEM32\cryptbase.dll
0x00007ff878310000 - 0x00007ff878383000 	C:\windows\System32\wintrust.dll
0x00007ff8799c0000 - 0x00007ff8799dd000 	C:\windows\System32\imagehlp.dll
0x00007ff877990000 - 0x00007ff8779a8000 	C:\windows\SYSTEM32\CRYPTSP.dll
0x00007ff877050000 - 0x00007ff877088000 	C:\windows\system32\rsaenh.dll
0x00007ff813870000 - 0x00007ff8138b2000 	C:\Users\lolaa\.openjfx\cache\20.0.2+3\amd64\glass.dll
0x00007ff879520000 - 0x00007ff8795fa000 	C:\windows\System32\COMDLG32.dll
0x00007ff879390000 - 0x00007ff8794a5000 	C:\windows\System32\MSCTF.dll
0x00007ff816570000 - 0x00007ff816634000 	C:\windows\System32\DriverStore\FileRepository\nvhm.inf_amd64_3cb6b4743249e01c\nvldumdx.dll
0x00007ff86f440000 - 0x00007ff86f587000 	C:\windows\SYSTEM32\drvstore.dll
0x00007ff877dc0000 - 0x00007ff877df3000 	C:\windows\SYSTEM32\devobj.dll
0x00007ff878890000 - 0x00007ff8788de000 	C:\windows\System32\cfgmgr32.dll
0x00007fffe99e0000 - 0x00007fffed774000 	C:\windows\System32\DriverStore\FileRepository\nvhm.inf_amd64_3cb6b4743249e01c\nvgpucomp64.dll
0x00007ff815e80000 - 0x00007ff815f5e000 	C:\windows\System32\DriverStore\FileRepository\nvhm.inf_amd64_3cb6b4743249e01c\NvMemMapStoragex.dll
0x00007fff9f600000 - 0x00007fffa2105000 	C:\windows\System32\DriverStore\FileRepository\nvhm.inf_amd64_3cb6b4743249e01c\nvd3dumx.dll
0x00007ff807030000 - 0x00007ff807177000 	C:\windows\system32\nvspcap64.dll
0x00007ff8772a0000 - 0x00007ff8772d3000 	C:\windows\SYSTEM32\ntmarta.dll
0x00007ff876810000 - 0x00007ff876833000 	C:\windows\SYSTEM32\gpapi.dll
0x00007ff8348f0000 - 0x00007ff834aa7000 	C:\windows\System32\DriverStore\FileRepository\nvhm.inf_amd64_3cb6b4743249e01c\nvppex.dll
0x00007ff86ac10000 - 0x00007ff86ac4b000 	C:\windows\SYSTEM32\dxcore.dll
0x00007ffff49d0000 - 0x00007ffff4b35000 	C:\windows\System32\DriverStore\FileRepository\iigd_dch.inf_amd64_32d00482e786db73\igdumdim64.dll
0x00007ffff0da0000 - 0x00007ffff49c1000 	C:\windows\System32\DriverStore\FileRepository\iigd_dch.inf_amd64_32d00482e786db73\igd9dxva64.dll
0x00007ff87a260000 - 0x00007ff87a6d0000 	C:\windows\System32\SETUPAPI.dll
0x00007ff866df0000 - 0x00007ff8671bd000 	C:\windows\System32\DriverStore\FileRepository\iigd_dch.inf_amd64_32d00482e786db73\igdgmm64.dll
0x00007ff8375e0000 - 0x00007ff837607000 	C:\windows\System32\DriverStore\FileRepository\iigd_dch.inf_amd64_32d00482e786db73\igdinfo64.dll
0x00007ff85fa40000 - 0x00007ff862787000 	C:\windows\System32\DriverStore\FileRepository\iigd_dch.inf_amd64_32d00482e786db73\igc64.dll

JVMTI agents:
C:\Program Files\JetBrains\IntelliJ IDEA Community Edition 2025.2.2\lib\idea_rt.jar path:C:\Users\lolaa\.jdks\openjdk-26\bin\instrument.dll, loaded, initialized, instrumentlib options:62931

dbghelp: loaded successfully - version: 4.0.5 - missing functions: none
symbol engine: initialized successfully - sym options: 0x614 - pdb path: .;C:\Users\lolaa\.jdks\openjdk-26\bin;C:\windows\SYSTEM32;C:\windows\WinSxS\amd64_microsoft.windows.common-controls_6595b64144ccf1df_6.0.19041.6456_none_60b8a6cb71f64256;C:\Users\lolaa\.jdks\openjdk-26\bin\server;C:\Users\lolaa\.openjfx\cache\20.0.2+3\amd64;C:\windows\System32\DriverStore\FileRepository\nvhm.inf_amd64_3cb6b4743249e01c;C:\windows\System32\DriverStore\FileRepository\iigd_dch.inf_amd64_32d00482e786db73;C:\Program Files\Common Files\Microsoft Shared\Ink

VM Arguments:
jvm_args: -javaagent:C:\Program Files\JetBrains\IntelliJ IDEA Community Edition 2025.2.2\lib\idea_rt.jar=62931 -Dfile.encoding=UTF-8 -Dsun.stdout.encoding=UTF-8 -Dsun.stderr.encoding=UTF-8 
java_command: com.pharmax.Launcher
java_class_path (initial): C:\Users\lolaa\Desktop\MyPIDEVJava\java-blog-comment\target\classes;C:\Users\lolaa\.m2\repository\mysql\mysql-connector-java\8.0.28\mysql-connector-java-8.0.28.jar;C:\Users\lolaa\.m2\repository\com\google\protobuf\protobuf-java\3.11.4\protobuf-java-3.11.4.jar;C:\Users\lolaa\.m2\repository\org\openjfx\javafx-controls\20.0.2\javafx-controls-20.0.2.jar;C:\Users\lolaa\.m2\repository\org\openjfx\javafx-controls\20.0.2\javafx-controls-20.0.2-win.jar;C:\Users\lolaa\.m2\repository\org\openjfx\javafx-fxml\20.0.2\javafx-fxml-20.0.2.jar;C:\Users\lolaa\.m2\repository\org\openjfx\javafx-fxml\20.0.2\javafx-fxml-20.0.2-win.jar;C:\Users\lolaa\.m2\repository\org\openjfx\javafx-web\20.0.2\javafx-web-20.0.2.jar;C:\Users\lolaa\.m2\repository\org\openjfx\javafx-web\20.0.2\javafx-web-20.0.2-win.jar;C:\Users\lolaa\.m2\repository\org\openjfx\javafx-media\20.0.2\javafx-media-20.0.2.jar;C:\Users\lolaa\.m2\repository\org\openjfx\javafx-media\20.0.2\javafx-media-20.0.2-win.jar;C:\Users\lolaa\.m2\repository\org\openjfx\javafx-base\20.0.2\javafx-base-20.0.2.jar;C:\Users\lolaa\.m2\repository\org\openjfx\javafx-base\20.0.2\javafx-base-20.0.2-win.jar;C:\Users\lolaa\.m2\repository\org\openjfx\javafx-graphics\20.0.2\javafx-graphics-20.0.2.jar;C:\Users\lolaa\.m2\repository\org\openjfx\javafx-graphics\20.0.2\javafx-graphics-20.0.2-win.jar;C:\Users\lolaa\.m2\repository\org\openjfx\javafx-swing\20.0.2\javafx-swing-20.0.2.jar;C:\Users\lolaa\.m2\repository\org\openjfx\javafx-swing\20.0.2\javafx-swing-20.0.2-win.jar;C:\Users\lolaa\.m2\repository\com\itextpdf\itextpdf\5.5.13.3\itextpdf-5.5.13.3.jar;C:\Users\lolaa\.m2\repository\com\sun\mail\javax.mail\1.6.2\javax.mail-1.6.2.jar;C:\Users\lolaa\.m2\repository\javax\activation\activation\1.1.1\activation-1.1.1.jar;C:\Users\lolaa\.m2\repository\com\stripe\stripe-java\24.21.0\stripe-java-24.21.0.jar;C:\Users\lolaa\.m2\repository\org\json\json\20231013\json-20231013.jar;C:\Users\lolaa\.m2\repository\com\google\code\gson\gson\2.11.0\gson-2.11.0.jar;C:\Users\lolaa\.m2\repository\com\google\errorprone\error_prone_annotations\2.27.0\error_prone_annotations-2.27.0.jar;C:\Users\lolaa\.m2\repository\com\fasterxml\jackson\core\jackson-core\2.17.2\jackson-core-2.17.2.jar;C:\Users\lolaa\.m2\repository\com\fasterxml\jackson\core\jackson-annotations\2.17.2\jackson-annotations-2.17.2.jar;C:\Users\lolaa\.m2\repository\com\fasterxml\jackson\core\jackson-databind\2.17.2\jackson-databind-2.17.2.jar;C:\Users\lolaa\.m2\repository\com\squareup\okhttp3\okhttp\4.12.0\okhttp-4.12.0.jar;C:\Users\lolaa\.m2\repository\com\squareup\okio\okio\3.6.0\okio-3.6.0.jar;C:\Users\lolaa\.m2\repository\com\squareup\okio\okio-jvm\3.6.0\okio-jvm-3.6.0.jar;C:\Users\lolaa\.m2\repository\org\jetbrains\kotlin\kotlin-stdlib-common\1.9.10\kotlin-stdlib-common-1.9.10.jar;C:\Users\lolaa\.m2\repository\org\jetbrains\kotlin\kotlin-stdlib-jdk8\1.8.21\kotlin-stdlib-jdk8-1.8.21.jar;C:\Users\lolaa\.m2\repository\org\jetbrains\kotlin\kotlin-stdlib\1.8.21\kotlin-stdlib-1.8.21.jar;C:\Users\lolaa\.m2\repository\org\jetbrains\annotations\13.0\annotations-13.0.jar;C:\Users\lolaa\.m2\repository\org\jetbrains\kotlin\kotlin-stdlib-jdk7\1.8.21\kotlin-stdlib-jdk7-1.8.21.jar;C:\Users\lolaa\.m2\repository\org\apache\httpcomponents\client5\httpclient5\5.3\httpclient5-5.3.jar;C:\Users\lolaa\.m2\repository\org\apache\httpcomponents\core5\httpcore5\5.2.4\httpcore5-5.2.4.jar;C:\Users\lolaa\.m2\repository\org\apache\httpcomponents\core5\httpcore5-h2\5.2.4\httpcore5-h2-5.2.4.jar;C:\Users\lolaa\.m2\repository\org\slf4j\slf4j-api\1.7.36\slf4j-api-1.7.36.jar;C:\Users\lolaa\.m2\repository\org\jsoup\jsoup\1.17.2\jsoup-1.17.2.jar;C:\Users\lolaa\.m2\repository\com\google\zxing\core\3.5.3\core-3.5.3.jar;C:\Users\lolaa\.m2\repository\com\google\zxing\javase\3.5.3\javase-3.5.3.jar;C:\Users\lolaa\.m2\repository\com\beust\jcommander\1.82\jcommander-1.82.jar;C:\Users\lolaa\.m2\repository\com\github\jai-imageio\jai-imageio-core\1.4.0\jai-imageio-core-1.4.0.jar;C:\Users\lolaa\.m2\repository\ch\qos\logback\logback-classic\1.4.14\logback-classic-1.4.14.jar;C:\Users\lolaa\.m2\repository\ch\qos\logback\logback-core\1.4.14\logback-core-1.4.14.jar;C:\Users\lolaa\.m2\repository\com\warrenstrange\googleauth\1.5.0\googleauth-1.5.0.jar;C:\Users\lolaa\.m2\repository\commons-codec\commons-codec\1.14\commons-codec-1.14.jar;C:\Users\lolaa\.m2\repository\org\apache\httpcomponents\httpclient\4.5.12\httpclient-4.5.12.jar;C:\Users\lolaa\.m2\repository\commons-logging\commons-logging\1.2\commons-logging-1.2.jar;C:\Users\lolaa\.m2\repository\com\google\api-client\google-api-client\2.2.0\google-api-client-2.2.0.jar;C:\Users\lolaa\.m2\repository\com\google\oauth-client\google-oauth-client\1.34.1\google-oauth-client-1.34.1.jar;C:\Users\lolaa\.m2\repository\com\google\guava\guava\31.1-jre\guava-31.1-jre.jar;C:\Users\lolaa\.m2\repository\com\google\guava\failureaccess\1.0.1\failureaccess-1.0.1.jar;C:\Users\lolaa\.m2\repository\com\google\guava\listenablefuture\9999.0-empty-to-avoid-conflict-with-guava\listenablefuture-9999.0-empty-to-avoid-conflict-with-guava.jar;C:\Users\lolaa\.m2\repository\com\google\code\findbugs\jsr305\3.0.2\jsr305-3.0.2.jar;C:\Users\lolaa\.m2\repository\org\checkerframework\checker-qual\3.12.0\checker-qual-3.12.0.jar;C:\Users\lolaa\.m2\repository\com\google\j2objc\j2objc-annotations\1.3\j2objc-annotations-1.3.jar;C:\Users\lolaa\.m2\repository\com\google\http-client\google-http-client-apache-v2\1.42.3\google-http-client-apache-v2-1.42.3.jar;C:\Users\lolaa\.m2\repository\org\apache\httpcomponents\httpcore\4.4.16\httpcore-4.4.16.jar;C:\Users\lolaa\.m2\repository\com\google\http-client\google-http-client\1.42.3\google-http-client-1.42.3.jar;C:\Users\lolaa\.m2\repository\io\opencensus\opencensus-api\0.31.1\opencensus-api-0.31.1.jar;C:\Users\lolaa\.m2\repository\io\grpc\grpc-context\1.27.2\grpc-context-1.27.2.jar;C:\Users\lolaa\.m2\repository\io\opencensus\opencensus-contrib-http-util\0.31.1\opencensus-contrib-http-util-0.31.1.jar;C:\Users\lolaa\.m2\repository\com\google\http-client\google-http-client-gson\1.43.3\google-http-client-gson-1.43.3.jar;C:\Users\lolaa\.m2\repository\com\google\oauth-client\google-oauth-client-java6\1.34.1\google-oauth-client-java6-1.34.1.jar;C:\Users\lolaa\.m2\repository\com\google\oauth-client\google-oauth-client-jetty\1.34.1\google-oauth-client-jetty-1.34.1.jar;C:\Users\lolaa\.m2\repository\com\google\apis\google-api-services-oauth2\v2-rev20200213-2.0.0\google-api-services-oauth2-v2-rev20200213-2.0.0.jar;C:\Users\lolaa\.m2\repository\org\apache\poi\poi-ooxml\5.2.3\poi-ooxml-5.2.3.jar;C:\Users\lolaa\.m2\repository\org\apache\poi\poi\5.2.3\poi-5.2.3.jar;C:\Users\lolaa\.m2\repository\org\apache\commons\commons-math3\3.6.1\commons-math3-3.6.1.jar;C:\Users\lolaa\.m2\repository\com\zaxxer\SparseBitSet\1.2\SparseBitSet-1.2.jar;C:\Users\lolaa\.m2\repository\org\apache\poi\poi-ooxml-lite\5.2.3\poi-ooxml-lite-5.2.3.jar;C:\Users\lolaa\.m2\repository\org\apache\xmlbeans\xmlbeans\5.1.1\xmlbeans-5.1.1.jar;C:\Users\lolaa\.m2\repository\org\apache\commons\commons-compress\1.21\commons-compress-1.21.jar;C:\Users\lolaa\.m2\repository\commons-io\commons-io\2.11.0\commons-io-2.11.0.jar;C:\Users\lolaa\.m2\repository\com\github\virtuald\curvesapi\1.07\curvesapi-1.07.jar;C:\Users\lolaa\.m2\repository\org\apache\logging\log4j\log4j-api\2.18.0\log4j-api-2.18.0.jar;C:\Users\lolaa\.m2\repository\org\apache\commons\commons-collections4\4.4\commons-collections4-4.4.jar;C:\Users\lolaa\.m2\repository\org\bytedeco\javacv-platform\1.5.10\javacv-platform-1.5.10.jar;C:\Users\lolaa\.m2\repository\org\bytedeco\javacv\1.5.10\javacv-1.5.10.jar;C:\Users\lolaa\.m2\repository\org\bytedeco\javacpp\1.5.10\javacpp-1.5.10.jar;C:\Users\lolaa\.m2\repository\org\bytedeco\openblas\0.3.26-1.5.10\openblas-0.3.26-1.5.10.jar;C:\Users\lolaa\.m2\repository\org\bytedeco\ffmpeg\6.1.1-1.5.10\ffmpeg-6.1.1-1.5.10.jar;C:\Users\lolaa\.m2\repository\org\bytedeco\flycapture\2.13.3.31-1.5.9\flycapture-2.13.3.31-1.5.9.jar;C:\Users\lolaa\.m2\repository\org\bytedeco\libdc1394\2.2.6-1.5.9\libdc1394-2.2.6-1.5.9.jar;C:\Users\lolaa\.m2\repository\org\bytedeco\libfreenect\0.5.7-1.5.9\libfreenect-0.5.7-1.5.9.jar;C:\Users\lolaa\.m2\repository\org\bytedeco\libfreenect2\0.2.0-1.5.9\libfreenect2-0.2.0-1.5.9.jar;C:\Users\lolaa\.m2\repository\org\bytedeco\librealsense\1.12.4-1.5.9\librealsense-1.12.4-1.5.9.jar;C:\Users\lolaa\.m2\repository\org\bytedeco\librealsense2\2.53.1-1.5.9\librealsense2-2.53.1-1.5.9.jar;C:\Users\lolaa\.m2\repository\org\bytedeco\videoinput\0.200-1.5.9\videoinput-0.200-1.5.9.jar;C:\Users\lolaa\.m2\repository\org\bytedeco\artoolkitplus\2.3.1-1.5.9\artoolkitplus-2.3.1-1.5.9.jar;C:\Users\lolaa\.m2\repository\org\bytedeco\leptonica\1.84.1-1.5.10\leptonica-1.84.1-1.5.10.jar;C:\Users\lolaa\.m2\repository\org\bytedeco\tesseract\5.3.4-1.5.10\tesseract-5.3.4-1.5.10.jar;C:\Users\lolaa\.m2\repository\org\bytedeco\javacpp-platform\1.5.10\javacpp-platform-1.5.10.jar;C:\Users\lolaa\.m2\repository\org\bytedeco\javacpp\1.5.10\javacpp-1.5.10-android-arm64.jar;C:\Users\lolaa\.m2\repository\org\bytedeco\javacpp\1.5.10\javacpp-1.5.10-android-x86_64.jar;C:\Users\lolaa\.m2\repository\org\bytedeco\javacpp\1.5.10\javacpp-1.5.10-ios-arm64.jar;C:\Users\lolaa\.m2\repository\org\bytedeco\javacpp\1.5.10\javacpp-1.5.10-ios-x86_64.jar;C:\Users\lolaa\.m2\repository\org\bytedeco\javacpp\1.5.10\javacpp-1.5.10-linux-arm64.jar;C:\Users\lolaa\.m2\repository\org\bytedeco\javacpp\1.5.10\javacpp-1.5.10-linux-ppc64le.jar;C:\Users\lolaa\.m2\repository\org\bytedeco\javacpp\1.5.10\javacpp-1.5.10-linux-x86_64.jar;C:\Users\lolaa\.m2\repository\org\bytedeco\javacpp\1.5.10\javacpp-1.5.10-macosx-arm64.jar;C:\Users\lolaa\.m2\repository\org\bytedeco\javacpp\1.5.10\javacpp-1.5.10-macosx-x86_64.jar;C:\Users\lolaa\.m2\repository\org\bytedeco\javacpp\1.5.10\javacpp-1.5.10-windows-x86_64.jar;C:\Users\lolaa\.m2\repository\org\bytedeco\openblas-platform\0.3.26-1.5.10\openblas-platform-0.3.26-1.5.10.jar;C:\Users\lolaa\.m2\repository\org\bytedeco\openblas\0.3.26-1.5.10\openblas-0.3.26-1.5.10-android-arm64.jar;C:\Users\lolaa\.m2\repository\org\bytedeco\openblas\0.3.26-1.5.10\openblas-0.3.26-1.5.10-android-x86_64.jar;C:\Users\lolaa\.m2\repository\org\bytedeco\openblas\0.3.26-1.5.10\openblas-0.3.26-1.5.10-ios-arm64.jar;C:\Users\lolaa\.m2\repository\org\bytedeco\openblas\0.3.26-1.5.10\openblas-0.3.26-1.5.10-ios-x86_64.jar;C:\Users\lolaa\.m2\repository\org\bytedeco\openblas\0.3.26-1.5.10\openblas-0.3.26-1.5.10-linux-x86_64.jar;C:\Users\lolaa\.m2\repository\org\bytedeco\openblas\0.3.26-1.5.10\openblas-0.3.26-1.5.10-linux-arm64.jar;C:\Users\lolaa\.m2\repository\org\bytedeco\openblas\0.3.26-1.5.10\openblas-0.3.26-1.5.10-linux-ppc64le.jar;C:\Users\lolaa\.m2\repository\org\bytedeco\openblas\0.3.26-1.5.10\openblas-0.3.26-1.5.10-macosx-arm64.jar;C:\Users\lolaa\.m2\repository\org\bytedeco\openblas\0.3.26-1.5.10\openblas-0.3.26-1.5.10-macosx-x86_64.jar;C:\Users\lolaa\.m2\repository\org\bytedeco\openblas\0.3.26-1.5.10\openblas-0.3.26-1.5.10-windows-x86_64.jar;C:\Users\lolaa\.m2\repository\org\bytedeco\ffmpeg-platform\6.1.1-1.5.10\ffmpeg-platform-6.1.1-1.5.10.jar;C:\Users\lolaa\.m2\repository\org\bytedeco\ffmpeg\6.1.1-1.5.10\ffmpeg-6.1.1-1.5.10-android-arm64.jar;C:\Users\lolaa\.m2\repository\org\bytedeco\ffmpeg\6.1.1-1.5.10\ffmpeg-6.1.1-1.5.10-android-x86_64.jar;C:\Users\lolaa\.m2\repository\org\bytedeco\ffmpeg\6.1.1-1.5.10\ffmpeg-6.1.1-1.5.10-linux-x86_64.jar;C:\Users\lolaa\.m2\repository\org\bytedeco\ffmpeg\6.1.1-1.5.10\ffmpeg-6.1.1-1.5.10-linux-arm64.jar;C:\Users\lolaa\.m2\repository\org\bytedeco\ffmpeg\6.1.1-1.5.10\ffmpeg-6.1.1-1.5.10-linux-ppc64le.jar;C:\Users\lolaa\.m2\repository\org\bytedeco\ffmpeg\6.1.1-1.5.10\ffmpeg-6.1.1-1.5.10-macosx-arm64.jar;C:\Users\lolaa\.m2\repository\org\bytedeco\ffmpeg\6.1.1-1.5.10\ffmpeg-6.1.1-1.5.10-macosx-x86_64.jar;C:\Users\lolaa\.m2\repository\org\bytedeco\ffmpeg\6.1.1-1.5.10\ffmpeg-6.1.1-1.5.10-windows-x86_64.jar;C:\Users\lolaa\.m2\repository\org\bytedeco\flycapture-platform\2.13.3.31-1.5.9\flycapture-platform-2.13.3.31-1.5.9.jar;C:\Users\lolaa\.m2\repository\org\bytedeco\flycapture\2.13.3.31-1.5.9\flycapture-2.13.3.31-1.5.9-linux-x86.jar;C:\Users\lolaa\.m2\repository\org\bytedeco\flycapture\2.13.3.31-1.5.9\flycapture-2.13.3.31-1.5.9-linux-x86_64.jar;C:\Users\lolaa\.m2\repository\org\bytedeco\flycapture\2.13.3.31-1.5.9\flycapture-2.13.3.31-1.5.9-linux-armhf.jar;C:\Users\lolaa\.m2\repository\org\bytedeco\flycapture\2.13.3.31-1.5.9\flycapture-2.13.3.31-1.5.9-linux-arm64.jar;C:\Users\lolaa\.m2\repository\org\bytedeco\flycapture\2.13.3.31-1.5.9\flycapture-2.13.3.31-1.5.9-windows-x86.jar;C:\Users\lolaa\.m2\repository\org\bytedeco\flycapture\2.13.3.31-1.5.9\flycapture-2.13.3.31-1.5.9-windows-x86_64.jar;C:\Users\lolaa\.m2\repository\org\bytedeco\libdc1394-platform\2.2.6-1.5.9\libdc1394-platform-2.2.6-1.5.9.jar;C:\Users\lolaa\.m2\repository\org\bytedeco\libdc1394\2.2.6-1.5.9\libdc1394-2.2.6-1.5.9-linux-x86.jar;C:\Users\lolaa\.m2\repository\org\bytedeco\libdc1394\2.2.6-1.5.9\libdc1394-2.2.6-1.5.9-linux-x86_64.jar;C:\Users\lolaa\.m2\repository\org\bytedeco\libdc1394\2.2.6-1.5.9\libdc1394-2.2.6-1.5.9-linux-armhf.jar;C:\Users\lolaa\.m2\repository\org\bytedeco\libdc1394\2.2.6-1.5.9\libdc1394-2.2.6-1.5.9-linux-arm64.jar;C:\Users\lolaa\.m2\repository\org\bytedeco\libdc1394\2.2.6-1.5.9\libdc1394-2.2.6-1.5.9-linux-ppc64le.jar;C:\Users\lolaa\.m2\repository\org\bytedeco\libdc1394\2.2.6-1.5.9\libdc1394-2.2.6-1.5.9-macosx-x86_64.jar;C:\Users\lolaa\.m2\repository\org\bytedeco\libdc1394\2.2.6-1.5.9\libdc1394-2.2.6-1.5.9-windows-x86.jar;C:\Users\lolaa\.m2\repository\org\bytedeco\libdc1394\2.2.6-1.5.9\libdc1394-2.2.6-1.5.9-windows-x86_64.jar;C:\Users\lolaa\.m2\repository\org\bytedeco\libfreenect-platform\0.5.7-1.5.9\libfreenect-platform-0.5.7-1.5.9.jar;C:\Users\lolaa\.m2\repository\org\bytedeco\libfreenect\0.5.7-1.5.9\libfreenect-0.5.7-1.5.9-linux-x86.jar;C:\Users\lolaa\.m2\repository\org\bytedeco\libfreenect\0.5.7-1.5.9\libfreenect-0.5.7-1.5.9-linux-x86_64.jar;C:\Users\lolaa\.m2\repository\org\bytedeco\libfreenect\0.5.7-1.5.9\libfreenect-0.5.7-1.5.9-linux-armhf.jar;C:\Users\lolaa\.m2\repository\org\bytedeco\libfreenect\0.5.7-1.5.9\libfreenect-0.5.7-1.5.9-linux-arm64.jar;C:\Users\lolaa\.m2\repository\org\bytedeco\libfreenect\0.5.7-1.5.9\libfreenect-0.5.7-1.5.9-linux-ppc64le.jar;C:\Users\lolaa\.m2\repository\org\bytedeco\libfreenect\0.5.7-1.5.9\libfreenect-0.5.7-1.5.9-macosx-x86_64.jar;C:\Users\lolaa\.m2\repository\org\bytedeco\libfreenect\0.5.7-1.5.9\libfreenect-0.5.7-1.5.9-windows-x86.jar;C:\Users\lolaa\.m2\repository\org\bytedeco\libfreenect\0.5.7-1.5.9\libfreenect-0.5.7-1.5.9-windows-x86_64.jar;C:\Users\lolaa\.m2\repository\org\bytedeco\libfreenect2-platform\0.2.0-1.5.9\libfreenect2-platform-0.2.0-1.5.9.jar;C:\Users\lolaa\.m2\repository\org\bytedeco\libfreenect2\0.2.0-1.5.9\libfreenect2-0.2.0-1.5.9-linux-x86.jar;C:\Users\lolaa\.m2\repository\org\bytedeco\libfreenect2\0.2.0-1.5.9\libfreenect2-0.2.0-1.5.9-linux-x86_64.jar;C:\Users\lolaa\.m2\repository\org\bytedeco\libfreenect2\0.2.0-1.5.9\libfreenect2-0.2.0-1.5.9-macosx-x86_64.jar;C:\Users\lolaa\.m2\repository\org\bytedeco\libfreenect2\0.2.0-1.5.9\libfreenect2-0.2.0-1.5.9-windows-x86_64.jar;C:\Users\lolaa\.m2\repository\org\bytedeco\librealsense-platform\1.12.4-1.5.9\librealsense-platform-1.12.4-1.5.9.jar;C:\Users\lolaa\.m2\repository\org\bytedeco\librealsense\1.12.4-1.5.9\librealsense-1.12.4-1.5.9-linux-armhf.jar;C:\Users\lolaa\.m2\repository\org\bytedeco\librealsense\1.12.4-1.5.9\librealsense-1.12.4-1.5.9-linux-arm64.jar;C:\Users\lolaa\.m2\repository\org\bytedeco\librealsense\1.12.4-1.5.9\librealsense-1.12.4-1.5.9-linux-x86.jar;C:\Users\lolaa\.m2\repository\org\bytedeco\librealsense\1.12.4-1.5.9\librealsense-1.12.4-1.5.9-linux-x86_64.jar;C:\Users\lolaa\.m2\repository\org\bytedeco\librealsense\1.12.4-1.5.9\librealsense-1.12.4-1.5.9-macosx-x86_64.jar;C:\Users\lolaa\.m2\repository\org\bytedeco\librealsense\1.12.4-1.5.9\librealsense-1.12.4-1.5.9-windows-x86.jar;C:\Users\lolaa\.m2\repository\org\bytedeco\librealsense\1.12.4-1.5.9\librealsense-1.12.4-1.5.9-windows-x86_64.jar;C:\Users\lolaa\.m2\repository\org\bytedeco\librealsense2-platform\2.53.1-1.5.9\librealsense2-platform-2.53.1-1.5.9.jar;C:\Users\lolaa\.m2\repository\org\bytedeco\librealsense2\2.53.1-1.5.9\librealsense2-2.53.1-1.5.9-linux-armhf.jar;C:\Users\lolaa\.m2\repository\org\bytedeco\librealsense2\2.53.1-1.5.9\librealsense2-2.53.1-1.5.9-linux-arm64.jar;C:\Users\lolaa\.m2\repository\org\bytedeco\librealsense2\2.53.1-1.5.9\librealsense2-2.53.1-1.5.9-linux-x86.jar;C:\Users\lolaa\.m2\repository\org\bytedeco\librealsense2\2.53.1-1.5.9\librealsense2-2.53.1-1.5.9-linux-x86_64.jar;C:\Users\lolaa\.m2\repository\org\bytedeco\librealsense2\2.53.1-1.5.9\librealsense2-2.53.1-1.5.9-macosx-x86_64.jar;C:\Users\lolaa\.m2\repository\org\bytedeco\librealsense2\2.53.1-1.5.9\librealsense2-2.53.1-1.5.9-windows-x86.jar;C:\Users\lolaa\.m2\repository\org\bytedeco\librealsense2\2.53.1-1.5.9\librealsense2-2.53.1-1.5.9-windows-x86_64.jar;C:\Users\lolaa\.m2\repository\org\bytedeco\videoinput-platform\0.200-1.5.9\videoinput-platform-0.200-1.5.9.jar;C:\Users\lolaa\.m2\repository\org\bytedeco\videoinput\0.200-1.5.9\videoinput-0.200-1.5.9-windows-x86.jar;C:\Users\lolaa\.m2\repository\org\bytedeco\videoinput\0.200-1.5.9\videoinput-0.200-1.5.9-windows-x86_64.jar;C:\Users\lolaa\.m2\repository\org\bytedeco\artoolkitplus-platform\2.3.1-1.5.9\artoolkitplus-platform-2.3.1-1.5.9.jar;C:\Users\lolaa\.m2\repository\org\bytedeco\artoolkitplus\2.3.1-1.5.9\artoolkitplus-2.3.1-1.5.9-android-arm.jar;C:\Users\lolaa\.m2\repository\org\bytedeco\artoolkitplus\2.3.1-1.5.9\artoolkitplus-2.3.1-1.5.9-android-arm64.jar;C:\Users\lolaa\.m2\repository\org\bytedeco\artoolkitplus\2.3.1-1.5.9\artoolkitplus-2.3.1-1.5.9-android-x86.jar;C:\Users\lolaa\.m2\repository\org\bytedeco\artoolkitplus\2.3.1-1.5.9\artoolkitplus-2.3.1-1.5.9-android-x86_64.jar;C:\Users\lolaa\.m2\repository\org\bytedeco\artoolkitplus\2.3.1-1.5.9\artoolkitplus-2.3.1-1.5.9-linux-x86.jar;C:\Users\lolaa\.m2\repository\org\bytedeco\artoolkitplus\2.3.1-1.5.9\artoolkitplus-2.3.1-1.5.9-linux-x86_64.jar;C:\Users\lolaa\.m2\repository\org\bytedeco\artoolkitplus\2.3.1-1.5.9\artoolkitplus-2.3.1-1.5.9-linux-armhf.jar;C:\Users\lolaa\.m2\repository\org\bytedeco\artoolkitplus\2.3.1-1.5.9\artoolkitplus-2.3.1-1.5.9-linux-arm64.jar;C:\Users\lolaa\.m2\repository\org\bytedeco\artoolkitplus\2.3.1-1.5.9\artoolkitplus-2.3.1-1.5.9-linux-ppc64le.jar;C:\Users\lolaa\.m2\repository\org\bytedeco\artoolkitplus\2.3.1-1.5.9\artoolkitplus-2.3.1-1.5.9-macosx-x86_64.jar;C:\Users\lolaa\.m2\repository\org\bytedeco\artoolkitplus\2.3.1-1.5.9\artoolkitplus-2.3.1-1.5.9-windows-x86.jar;C:\Users\lolaa\.m2\repository\org\bytedeco\artoolkitplus\2.3.1-1.5.9\artoolkitplus-2.3.1-1.5.9-windows-x86_64.jar;C:\Users\lolaa\.m2\repository\org\bytedeco\leptonica-platform\1.84.1-1.5.10\leptonica-platform-1.84.1-1.5.10.jar;C:\Users\lolaa\.m2\repository\org\bytedeco\leptonica\1.84.1-1.5.10\leptonica-1.84.1-1.5.10-android-arm64.jar;C:\Users\lolaa\.m2\repository\org\bytedeco\leptonica\1.84.1-1.5.10\leptonica-1.84.1-1.5.10-android-x86_64.jar;C:\Users\lolaa\.m2\repository\org\bytedeco\leptonica\1.84.1-1.5.10\leptonica-1.84.1-1.5.10-linux-x86_64.jar;C:\Users\lolaa\.m2\repository\org\bytedeco\leptonica\1.84.1-1.5.10\leptonica-1.84.1-1.5.10-linux-arm64.jar;C:\Users\lolaa\.m2\repository\org\bytedeco\leptonica\1.84.1-1.5.10\leptonica-1.84.1-1.5.10-linux-ppc64le.jar;C:\Users\lolaa\.m2\repository\org\bytedeco\leptonica\1.84.1-1.5.10\leptonica-1.84.1-1.5.10-macosx-arm64.jar;C:\Users\lolaa\.m2\repository\org\bytedeco\leptonica\1.84.1-1.5.10\leptonica-1.84.1-1.5.10-macosx-x86_64.jar;C:\Users\lolaa\.m2\repository\org\bytedeco\leptonica\1.84.1-1.5.10\leptonica-1.84.1-1.5.10-windows-x86_64.jar;C:\Users\lolaa\.m2\repository\org\bytedeco\tesseract-platform\5.3.4-1.5.10\tesseract-platform-5.3.4-1.5.10.jar;C:\Users\lolaa\.m2\repository\org\bytedeco\tesseract\5.3.4-1.5.10\tesseract-5.3.4-1.5.10-android-arm64.jar;C:\Users\lolaa\.m2\repository\org\bytedeco\tesseract\5.3.4-1.5.10\tesseract-5.3.4-1.5.10-android-x86_64.jar;C:\Users\lolaa\.m2\repository\org\bytedeco\tesseract\5.3.4-1.5.10\tesseract-5.3.4-1.5.10-linux-x86_64.jar;C:\Users\lolaa\.m2\repository\org\bytedeco\tesseract\5.3.4-1.5.10\tesseract-5.3.4-1.5.10-linux-arm64.jar;C:\Users\lolaa\.m2\repository\org\bytedeco\tesseract\5.3.4-1.5.10\tesseract-5.3.4-1.5.10-linux-ppc64le.jar;C:\Users\lolaa\.m2\repository\org\bytedeco\tesseract\5.3.4-1.5.10\tesseract-5.3.4-1.5.10-macosx-arm64.jar;C:\Users\lolaa\.m2\repository\org\bytedeco\tesseract\5.3.4-1.5.10\tesseract-5.3.4-1.5.10-macosx-x86_64.jar;C:\Users\lolaa\.m2\repository\org\bytedeco\tesseract\5.3.4-1.5.10\tesseract-5.3.4-1.5.10-windows-x86_64.jar;C:\Users\lolaa\.m2\repository\org\bytedeco\opencv-platform\4.9.0-1.5.10\opencv-platform-4.9.0-1.5.10.jar;C:\Users\lolaa\.m2\repository\org\bytedeco\opencv\4.9.0-1.5.10\opencv-4.9.0-1.5.10.jar;C:\Users\lolaa\.m2\repository\org\bytedeco\opencv\4.9.0-1.5.10\opencv-4.9.0-1.5.10-android-arm64.jar;C:\Users\lolaa\.m2\repository\org\bytedeco\opencv\4.9.0-1.5.10\opencv-4.9.0-1.5.10-android-x86_64.jar;C:\Users\lolaa\.m2\repository\org\bytedeco\opencv\4.9.0-1.5.10\opencv-4.9.0-1.5.10-ios-arm64.jar;C:\Users\lolaa\.m2\repository\org\bytedeco\opencv\4.9.0-1.5.10\opencv-4.9.0-1.5.10-ios-x86_64.jar;C:\Users\lolaa\.m2\repository\org\bytedeco\opencv\4.9.0-1.5.10\opencv-4.9.0-1.5.10-linux-x86_64.jar;C:\Users\lolaa\.m2\repository\org\bytedeco\opencv\4.9.0-1.5.10\opencv-4.9.0-1.5.10-linux-arm64.jar;C:\Users\lolaa\.m2\repository\org\bytedeco\opencv\4.9.0-1.5.10\opencv-4.9.0-1.5.10-linux-ppc64le.jar;C:\Users\lolaa\.m2\repository\org\bytedeco\opencv\4.9.0-1.5.10\opencv-4.9.0-1.5.10-macosx-arm64.jar;C:\Users\lolaa\.m2\repository\org\bytedeco\opencv\4.9.0-1.5.10\opencv-4.9.0-1.5.10-macosx-x86_64.jar;C:\Users\lolaa\.m2\repository\org\bytedeco\opencv\4.9.0-1.5.10\opencv-4.9.0-1.5.10-windows-x86_64.jar
Launcher Type: SUN_STANDARD

[Global flags]
     bool AOTAdapterCaching                        = false                                  {diagnostic} {ergonomic}
     bool AOTInvokeDynamicLinking                  = false                                  {diagnostic} {ergonomic}
     bool AOTRecordTraining                        = false                                  {diagnostic} {ergonomic}
     bool AOTReplayTraining                        = false                                  {diagnostic} {ergonomic}
     bool AOTStubCaching                           = false                                  {diagnostic} {ergonomic}
     intx CICompilerCount                          = 4                                         {product} {ergonomic}
     uint ConcGCThreads                            = 2                                         {product} {ergonomic}
     uint G1ConcRefinementThreads                  = 8                                         {product} {ergonomic}
     uint G1EagerReclaimRemSetThreshold            = 64                                   {experimental} {ergonomic}
   size_t G1HeapRegionSize                         = 8388608                                   {product} {ergonomic}
     uint G1RemSetArrayOfCardsEntries              = 64                                   {experimental} {ergonomic}
     uint G1RemSetHowlMaxNumBuckets                = 8                                    {experimental} {ergonomic}
     uint G1RemSetHowlNumBuckets                   = 8                                    {experimental} {ergonomic}
   size_t InitialHeapSize                          = 8388608                                   {product} {ergonomic}
     bool IntelJccErratumMitigation                = false                             {ARCH diagnostic} {ergonomic}
   size_t MarkStackSize                            = 4194304                                   {product} {ergonomic}
   size_t MarkStackSizeMax                         = 536870912                                 {product} {ergonomic}
   size_t MaxHeapSize                              = 12826181632                               {product} {ergonomic}
   size_t MaxNewSize                               = 7692353536                                {product} {ergonomic}
 uint64_t MaxRAM                                   = 51273261056                               {product} {ergonomic}
   size_t MinHeapDeltaBytes                        = 8388608                                   {product} {ergonomic}
   size_t MinHeapSize                              = 8388608                                   {product} {ergonomic}
   size_t NonNMethodCodeHeapSize                   = 5832704                                {pd product} {ergonomic}
   size_t NonProfiledCodeHeapSize                  = 122945536                              {pd product} {ergonomic}
   size_t ProfiledCodeHeapSize                     = 122880000                              {pd product} {ergonomic}
   size_t ReservedCodeCacheSize                    = 251658240                              {pd product} {ergonomic}
     bool SegmentedCodeCache                       = true                                      {product} {ergonomic}
   size_t SoftMaxHeapSize                          = 12826181632                            {manageable} {ergonomic}
     bool UseCompressedOops                        = true                           {product lp64_product} {ergonomic}
     bool UseCondCardMark                          = true                                      {product} {ergonomic}
     bool UseFastUnorderedTimeStamps               = true                                 {experimental} {ergonomic}
     bool UseG1GC                                  = true                                      {product} {ergonomic}
     bool UseLargePagesIndividualAllocation        = false                                  {pd product} {ergonomic}
      int X86ICacheSync                            = 3                                 {ARCH diagnostic} {ergonomic}

Logging:
Log output configuration:
 #0: stdout all=warning uptime,level,tags foldmultilines=false
 #1: stderr all=off uptime,level,tags foldmultilines=false

Release file:
IMPLEMENTOR="Oracle Corporation" 
JAVA_RUNTIME_VERSION="26+35-2893" 
JAVA_VERSION="26" 
JAVA_VERSION_DATE="2026-03-17" 
LIBC="default" 
MODULES="java.base java.compiler java.datatransfer java.xml java.prefs java.desktop java.instrument java.logging java.management java.security.sasl java.naming java.rmi java.management.rmi java.net.http java.scripting java.security.jgss java.transaction.xa java.sql java.sql.rowset java.xml.crypto java.se java.smartcardio jdk.accessibility jdk.internal.jvmstat jdk.attach jdk.charsets jdk.internal.opt jdk.zipfs jdk.compiler jdk.crypto.cryptoki jdk.crypto.ec jdk.crypto.mscapi jdk.dynalink jdk.internal.ed jdk.editpad jdk.internal.vm.ci jdk.graal.compiler jdk.graal.compiler.management jdk.hotspot.agent jdk.httpserver jdk.incubator.vector jdk.internal.le jdk.internal.md jdk.jartool jdk.javadoc jdk.jcmd jdk.management jdk.management.agent jdk.jconsole jdk.jdeps jdk.jdwp.agent jdk.jdi jdk.jfr jdk.jlink jdk.jpackage jdk.jshell jdk.jstatd jdk.localedata jdk.management.jfr jdk.naming.dns jdk.naming.rmi jdk.net jdk.nio.mapmode jdk.sctp jdk.security.auth jdk.security.jgss jdk.unsupported jdk.unsupported.desktop jdk.xml.dom" 
OS_ARCH="x86_64" 
OS_NAME="Windows" 
SOURCE=".:git:4408cd2a07a1" 

Environment Variables:
PATH=C:\Program Files (x86)\VMware\VMware Workstation\bin\;C:\oraclexe\app\oracle\product\11.2.0\server\bin;C:\Program Files\Common Files\Oracle\Java\javapath;C:\Program Files (x86)\Common Files\Oracle\Java\javapath;C:\windows\system32;C:\windows;C:\windows\System32\Wbem;C:\windows\System32\WindowsPowerShell\v1.0\;C:\windows\System32\OpenSSH\;C:\Program Files (x86)\NVIDIA Corporation\PhysX\Common;C:\Program Files (x86)\dotnet\;C:\Program Files\dotnet\;C:\xampp\php;C:\ProgramData\ComposerSetup\bin;C:\Program Files\NVIDIA Corporation\NVIDIA app\NvDLISR;C:\Qt\Tools\mingw1120_64\bin;C:\Program Files\nodejs\;C:\Users\lolaa\scoop\apps\flutter\current\bin;C:\Users\lolaa\scoop\shims;C:\oraclexe\app\oracle\product\11.2.0\server\bin;C:\Program Files\Common Files\Oracle\Java\javapath;C:\Program Files (x86)\Common Files\Oracle\Java\javapath;C:\windows\system32;C:\windows;C:\windows\System32\Wbem;C:\windows\System32\WindowsPowerShell\v1.0\;C:\windows\System32\OpenSSH\;C:\Program Files (x86)\NVIDIA Corporation\PhysX\Common;C:\Program Files (x86)\dotnet\;C:\Program Files\dotnet\;C:\Program Files\nodejs\;C:\xampp\php;C:\ProgramData\ComposerSetup\bin;C:\Program Files\NVIDIA Corporation\NVIDIA app\NvDLISR;C:\Qt\Tools\mingw1120_64\bin;C:\Program Files\Git\cmd;C:\Users\lolaa\AppData\Local\Programs\Python\Python313\Scripts\;C:\Users\lolaa\AppData\Local\Programs\Python\Python313\;C:\Users\lolaa\AppData\Local\Programs\Python\Launcher\;C:\Users\lolaa\AppData\Local\Microsoft\WindowsApps;C:\Users\lolaa\AppData\Roaming\Composer\vendor\bin;C:\Users\lolaa\AppData\Local\Programs\Microsoft VS Code\bin;C:\Program Files\JetBrains\IntelliJ IDEA Communi;C:\Users\lolaa\AppData\Local\Programs\cursor\resources\app\bin;C:\Users\lolaa\AppData\Local\Programs\Ollama;C:\Users\lolaa\AppData\Roaming\npm;C:\Users\lolaa\AppData\Local\Programs\Antigravity\bin;C:\Users\lolaa\.lmstudio\bin
USERNAME=lolaa
OS=Windows_NT
PROCESSOR_IDENTIFIER=Intel64 Family 6 Model 140 Stepping 1, GenuineIntel
TMP=C:\Users\lolaa\AppData\Local\Temp
TEMP=C:\Users\lolaa\AppData\Local\Temp




Compilation memory statistics disabled.

Periodic native trim disabled

---------------  S Y S T E M  ---------------

OS:
 Windows 10 , 64 bit Build 19041 (10.0.19041.5915)
OS uptime: 0 days 8:41 hours
Hyper-V role detected

CPU: total 8 (initial active 8) (4 cores per cpu, 2 threads per core) family 6 model 140 stepping 1 microcode 0xa4, cx8, cmov, fxsr, ht, mmx, 3dnowpref, sse, sse2, sse3, ssse3, sse4.1, sse4.2, popcnt, lzcnt, tsc, tscinvbit, avx, avx2, aes, erms, clmul, bmi1, bmi2, adx, avx512f, avx512dq, avx512cd, avx512bw, avx512vl, sha, fma, vzeroupper, avx512_vpopcntdq, avx512_vpclmulqdq, avx512_vaes, avx512_vnni, clflush, clflushopt, clwb, avx512_vbmi2, avx512_vbmi, hv, rdtscp, rdpid, fsrm, gfni, avx512_bitalg, f16c, cet_ibt, cet_ss, avx512_ifma
Processor Information for the first 8 processors :
  Max Mhz: 3110, Current Mhz: 3110, Mhz Limit: 3110

Memory: 4k page, system-wide physical 48897M (28795M free)
TotalPageFile size 51969M (AvailPageFile size 30171M)
current process WorkingSet (physical memory assigned to process): 408M, peak: 409M
current process commit charge ("private bytes"): 510M, peak: 511M

vm_info: OpenJDK 64-Bit Server VM (26+35-2893) for windows-amd64 JRE (26+35-2893), built on 2026-02-12T17:04:02Z with MS VC++ 17.13 (VS2022)

END.
